{"type": "FeatureCollection", "name": "piste_ciclabili", "crs": null, "features": [{"type": "Feature", "properties": {"descrizione": "Pista ciclabile - via E. Maccani: tratto tra civ 36/5 e 36/1", "tipologia": "Ciclabile", "tratto isolato ciclabile": null, "tratto isolato ciclopedonale": null, "anno": null, "gestione": null, "itinerario": "5", "Tipo CdS": "1.3 PCCR marc", "Ordinanza": null, "Monodirezionale": null, "intervento 2026": "MANUTENZIONE", "Esist_prog": "E"}, "geometry": {"type": "LineString", "coordinates": [[11.116279679579977, 46.08126791508477], [11.11628114828098, 46.08135535851208], [11.115987889048563, 46.08168325657944], [11.115907873263131, 46.081700404873374]]}}, {"type": "Feature", "properties": {"descrizione": "Pista ciclabile - via Fersina: dall'area camper al parcheggio Ghiaie sud", "tipologia": "Ciclabile", "tratto isolato ciclabile": null, "tratto isolato ciclopedonale": null, "anno": null, "gestione": null, "itinerario": "7", "Tipo CdS": "1.3 PCCR marc", "Ordinanza": null, "Monodirezionale": null, "intervento 2026": "MANUTENZIONE", "Esist_prog": "E"}, "geometry": {"type": "LineString", "coordinates": [[11.124338150456555, 46.038020248691], [11.124338380860513, 46.03809474807214], [11.124365239884323, 46.03812018886497], [11.124456648732199, 46.03814970528519], [11.12436010060589, 46.038628880329945], [11.124122322808736, 46.03954921601858], [11.1240017329065, 46.04004682495622], [11.123937037006108, 46.04033265326492], [11.123886930523565, 46.04049694050708], [11.123696811664644, 46.04123619894953], [11.123527729172023, 46.04191708094309], [11.123403610475128, 46.04206590926099], [11.123284627601201, 46.042243634499734], [11.123126544551345, 46.04259261210301], [11.12286991316243, 46.043056896780485], [11.12269908965377, 46.04336558332389], [11.122598812658184, 46.04350586230423], [11.122514145034097, 46.04364460420135], [11.122283221852369, 46.043938819284776], [11.122088412972271, 46.04418248349166], [11.12184460716424, 46.04447943093111], [11.121619800379639, 46.044771045557354], [11.121567867717722, 46.04484611111705], [11.121286098477313, 46.04513168800328], [11.120810204661531, 46.04576697993625], [11.120149620422383, 46.046665493728646], [11.119839333946981, 46.047018917416096], [11.119691778300096, 46.04719928466797], [11.1196152142998, 46.04731442339872], [11.119732946667026, 46.04735397637803], [11.119590629075446, 46.04763234788142], [11.11953054797121, 46.04782005310512], [11.119493189017708, 46.048034532130295], [11.119508315235596, 46.04828807507104], [11.119542740473138, 46.048507265728595], [11.119616441721888, 46.04870382028803], [11.119589458834303, 46.04871668819901]]}}, {"type": "Feature", "properties": {"descrizione": "Percorso ciclopedonale lungo via Ragazzi del '99: tratto fino al Marinaio", "tipologia": "Ciclopedonale", "tratto isolato ciclabile": null, "tratto isolato ciclopedonale": null, "anno": 2018, "gestione": null, "itinerario": "0", "Tipo CdS": "2.1 PRO PED", "Ordinanza": null, "Monodirezionale": null, "intervento 2026": null, "Esist_prog": "E"}, "geometry": {"type": "LineString", "coordinates": [[11.124577272669486, 46.03753452359277], [11.124627610302793, 46.037487907710286], [11.124659054387498, 46.03733177663063], [11.124709724646001, 46.03722565916523], [11.124794479393898, 46.03711460623903], [11.1250867476048, 46.03677656332582], [11.125750478122407, 46.036006613896326]]}}, {"type": "Feature", "properties": {"descrizione": "Percorso ciclopedonale dal ponte per lo svincolo dell'autostrada a Trento sud fino alla zona sportiva ghiaie", "tipologia": "Ciclopedonale", "tratto isolato ciclabile": null, "tratto isolato ciclopedonale": null, "anno": null, "gestione": "PAT", "itinerario": "1", "Tipo CdS": "2.1 PRO PED", "Ordinanza": null, "Monodirezionale": null, "intervento 2026": null, "Esist_prog": "E"}, "geometry": {"type": "LineString", "coordinates": [[11.124338380860513, 46.03809474807214], [11.124338126542364, 46.03801251614008], [11.12435972535457, 46.03799042109146], [11.124418724005412, 46.03798252369605], [11.124451910366242, 46.037969632885705], [11.124477435764737, 46.03794079236569], [11.124577272669486, 46.03753452359277], [11.124613107182324, 46.037373134297624], [11.124667821348016, 46.03723737894907], [11.12458267025673, 46.03687563049179], [11.124600063887272, 46.036777701362496], [11.124645343486758, 46.03665234704703], [11.124627442668494, 46.03630383245959], [11.124649694246358, 46.03609894794741], [11.124582881543875, 46.035251063746685]]}}, {"type": "Feature", "properties": {"descrizione": "Percorso ciclopedonale tra l'incrocio con via Caduti di Nassiriya (cavalcavia ferrovia) e l'intersezione con via Detassis", "tipologia": "Ciclopedonale", "tratto isolato ciclabile": null, "tratto isolato ciclopedonale": null, "anno": 2017, "gestione": null, "itinerario": "5", "Tipo CdS": "2.1 PRO PED", "Ordinanza": null, "Monodirezionale": null, "intervento 2026": "MANUTENZIONE", "Esist_prog": "E"}, "geometry": {"type": "LineString", "coordinates": [[11.11027611067619, 46.08842647153008], [11.112803049994291, 46.0854240045679], [11.112928803267765, 46.08538305508858], [11.113058492131456, 46.08541707452073], [11.113122077994332, 46.08534761486528], [11.113038969003883, 46.085312734034915], [11.112994164757794, 46.08523162231277], [11.113461852210541, 46.084631592880754], [11.11354723307205, 46.0845335304285], [11.113704783499527, 46.084447267989624], [11.1138400767787, 46.084405472385704], [11.11397787544879, 46.08438446720958], [11.114111067166803, 46.08437723996458], [11.114298175866452, 46.0843368663726], [11.114401818989066, 46.08431096636338], [11.114531815305208, 46.08428467426757], [11.114617176515617, 46.08426633406634], [11.114665179202753, 46.08419690520914], [11.11469812311345, 46.084152130647695], [11.114770952597283, 46.08410867824417], [11.114850423571868, 46.084063339811]]}}, {"type": "Feature", "properties": {"descrizione": "Strada E-bis in viale Bolognini: tratto compreso tra il ponte delle Dame di Sion e il ponte Borzaga", "tipologia": "Strada ciclabile urbana", "tratto isolato ciclabile": null, "tratto isolato ciclopedonale": null, "anno": 2023, "gestione": null, "itinerario": "7", "Tipo CdS": "3.2 SUC E-bis", "Ordinanza": "1567/2023", "Monodirezionale": "", "intervento 2026": "MANUTENZIONE", "Esist_prog": "E"}, "geometry": {"type": "LineString", "coordinates": [[11.136063589971137, 46.06472868908026], [11.13442290463206, 46.063612318522374]]}}, {"type": "Feature", "properties": {"descrizione": "Strada E-bis in viale Bolognini: tratto compreso tra il civ. 14 di viale Bolognini e via Bolghera", "tipologia": "Strada ciclabile urbana", "tratto isolato ciclabile": null, "tratto isolato ciclopedonale": null, "anno": 2023, "gestione": null, "itinerario": "7", "Tipo CdS": "3.2 SUC E-bis", "Ordinanza": "1567/2023", "Monodirezionale": null, "intervento 2026": "MANUTENZIONE", "Esist_prog": "E"}, "geometry": {"type": "LineString", "coordinates": [[11.129363877311668, 46.060191648474515], [11.128091111859511, 46.05931871549561]]}}, {"type": "Feature", "properties": {"descrizione": "Corsia ciclabile monodirezionale E-O lato nord viale Bolognini: tratto compreso tra piazza Vicenza e via Adamello", "tipologia": "Corsia ciclabile", "tratto isolato ciclabile": null, "tratto isolato ciclopedonale": null, "anno": 2023, "gestione": null, "itinerario": "7", "Tipo CdS": "3.4 CC 12-bis", "Ordinanza": "1567/2023", "Monodirezionale": "Mono", "intervento 2026": "MANUTENZIONE", "Esist_prog": "E"}, "geometry": {"type": "LineString", "coordinates": [[11.132539901833688, 46.062345934174196], [11.130381745171462, 46.06088273487693]]}}, {"type": "Feature", "properties": {"descrizione": "Strada E-bis in viale Bolognini: tratto compreso tra il ponte delle Dame di Sion e il ponte Borzaga", "tipologia": "Strada ciclabile urbana", "tratto isolato ciclabile": null, "tratto isolato ciclopedonale": null, "anno": 2023, "gestione": null, "itinerario": "7", "Tipo CdS": "3.2 SUC E-bis", "Ordinanza": "1567/2023", "Monodirezionale": "Mono", "intervento 2026": "MANUTENZIONE", "Esist_prog": "E"}, "geometry": {"type": "LineString", "coordinates": [[11.13442290463206, 46.063612318522374], [11.132664985923201, 46.0624161013262]]}}, {"type": "Feature", "properties": {"descrizione": "Pista ciclabile monodirezionale in viale Rovereto, direzione ovest \u2013 est dal ponte dei Mille al ponte Borzaga", "tipologia": "Ciclabile su corsia riservata, ricavata dalla carreggiata stradale, ad unico senso di marcia", "tratto isolato ciclabile": null, "tratto isolato ciclopedonale": null, "anno": 2020, "gestione": null, "itinerario": "7", "Tipo CdS": "1.2 PCCR carr", "Ordinanza": "842/2020", "Monodirezionale": "Mono", "intervento 2026": "MANUTENZIONE", "Esist_prog": "E"}, "geometry": {"type": "LineString", "coordinates": [[11.130096506214294, 46.06105937764805], [11.132259762382029, 46.06254707790136]]}}, {"type": "Feature", "properties": {"descrizione": "Pista ciclabile in viale Rovereto: ciclabile monodirezionale direzione ovest \u2013 est da ponte dei Cavalleggeri a ponte Borzaga", "tipologia": "Ciclabile su corsia riservata, ricavata dalla carreggiata stradale, ad unico senso di marcia", "tratto isolato ciclabile": null, "tratto isolato ciclopedonale": null, "anno": 2020, "gestione": null, "itinerario": "7", "Tipo CdS": "1.2 PCCR carr", "Ordinanza": "842/2020", "Monodirezionale": "Mono", "intervento 2026": "MANUTENZIONE", "Esist_prog": "E"}, "geometry": {"type": "LineString", "coordinates": [[11.127126750643072, 46.059025545619015], [11.12717994545508, 46.05906179231321], [11.129987340895637, 46.06096424629476]]}}, {"type": "Feature", "properties": {"descrizione": "Percorso ciclopedonale in via Lorenzoni (lato est)", "tipologia": "Ciclopedonale", "tratto isolato ciclabile": null, "tratto isolato ciclopedonale": null, "anno": 2020, "gestione": null, "itinerario": "11", "Tipo CdS": "2.1 PRO PED", "Ordinanza": "964/2020", "Monodirezionale": null, "intervento 2026": "MANUTENZIONE", "Esist_prog": "E"}, "geometry": {"type": "LineString", "coordinates": [[11.122848326858332, 46.05836639143962], [11.123409975399799, 46.056974534172134], [11.123530094099978, 46.05679045202174], [11.12365272424945, 46.05670311530069]]}}, {"type": "Feature", "properties": {"descrizione": "Percorso ciclopedonale - via Giusti incrocio via Madruzzo", "tipologia": "Ciclopedonale", "tratto isolato ciclabile": 60, "tratto isolato ciclopedonale": null, "anno": null, "gestione": null, "itinerario": "3", "Tipo CdS": "2.1 PRO PED", "Ordinanza": null, "Monodirezionale": null, "intervento 2026": "NESSUNO", "Esist_prog": "E"}, "geometry": {"type": "LineString", "coordinates": [[11.118983441768247, 46.06305333474823], [11.118987100269901, 46.063136716952634], [11.119032112977077, 46.06321562460612], [11.119258613290947, 46.06351441364279]]}}, {"type": "Feature", "properties": {"descrizione": "Pista ciclabile - Centro sportivo Vela \u2013 via Dos Trento", "tipologia": "Ciclopedonale", "tratto isolato ciclabile": null, "tratto isolato ciclopedonale": null, "anno": null, "gestione": null, "itinerario": "12", "Tipo CdS": "2.1 PRO PED", "Ordinanza": null, "Monodirezionale": null, "intervento 2026": "MANUTENZIONE", "Esist_prog": "E"}, "geometry": {"type": "LineString", "coordinates": [[11.112242871246215, 46.07478243696828], [11.112133864058174, 46.07479516839793], [11.112133864058174, 46.07479516839793], [11.1118387051849, 46.0748613495248], [11.11170984429265, 46.07491411550222], [11.111667890237783, 46.07495385556858], [11.111632638022225, 46.07501226418584], [11.111622294232859, 46.07507550473816], [11.111634169185441, 46.075150853077126], [11.111682691631914, 46.075227024794685], [11.111584272255499, 46.07527115265943], [11.11164432815985, 46.07535929299687], [11.111667327469934, 46.07544513070603], [11.111662069180605, 46.07560771181889], [11.111645528399327, 46.075913988970505], [11.111573382186945, 46.07599388569643], [11.111459228086092, 46.076017832181705], [11.111367903588235, 46.07600235824562], [11.111262438342374, 46.07595608714046], [11.110853586190117, 46.07567047724742], [11.110766863370895, 46.075612671150424], [11.11068522187291, 46.0755740484855], [11.110499744129482, 46.07553114910307], [11.110296799212582, 46.075402481590245], [11.110057677083631, 46.075289454859195], [11.109917308325134, 46.0752206799947], [11.109774733246258, 46.07517431453181], [11.109534302591108, 46.07509034401082], [11.10950350582337, 46.07496984229252], [11.108955977544563, 46.07497532935089], [11.108714295029225, 46.07493878083155], [11.108595408079648, 46.07494864440289], [11.108505521946308, 46.074992697555054], [11.108460428086707, 46.07501506305545], [11.108415859582335, 46.07507533338786], [11.108419364192706, 46.07518175969405], [11.108435510874795, 46.07548503869924]]}}, {"type": "Feature", "properties": {"descrizione": "Percorso ciclopedonale in piazza di Centa da via Segantini a via Vannetti", "tipologia": "Ciclopedonale", "tratto isolato ciclabile": null, "tratto isolato ciclopedonale": null, "anno": 2017, "gestione": null, "itinerario": "12", "Tipo CdS": "2.1 PRO PED", "Ordinanza": null, "Monodirezionale": null, "intervento 2026": "MANUTENZIONE", "Esist_prog": "E"}, "geometry": {"type": "LineString", "coordinates": [[11.123590939584608, 46.07518710307085], [11.122749696558195, 46.07573682912584]]}}, {"type": "Feature", "properties": {"descrizione": "Pista ciclabile via del Maso Smalz: tratto antistante il parco, tra il civ.3 e il civ.11", "tipologia": "Ciclabile", "tratto isolato ciclabile": null, "tratto isolato ciclopedonale": null, "anno": 2023, "gestione": null, "itinerario": "6", "Tipo CdS": "1.3 PCCR marc", "Ordinanza": null, "Monodirezionale": "Mono", "intervento 2026": null, "Esist_prog": "E"}, "geometry": {"type": "LineString", "coordinates": [[11.114701541725694, 46.05272582207425], [11.114794942106343, 46.0527275134453], [11.115490940758594, 46.05294378514748], [11.11551342273971, 46.05295362962504], [11.115533802787928, 46.0530370486018]]}}, {"type": "Feature", "properties": {"descrizione": "Pista ciclabile Via Vittorio Veneto tra civici 138-130", "tipologia": "Ciclabile", "tratto isolato ciclabile": null, "tratto isolato ciclopedonale": null, "anno": null, "gestione": null, "itinerario": "0", "Tipo CdS": "1.3 PCCR marc", "Ordinanza": null, "Monodirezionale": null, "intervento 2026": null, "Esist_prog": "E"}, "geometry": {"type": "LineString", "coordinates": [[11.125041662847792, 46.05890401211798], [11.124943626514943, 46.059045741386164], [11.12500502549342, 46.05909407553789]]}}, {"type": "Feature", "properties": {"descrizione": "Percorso ciclopedonale Via Vittorio Veneto (tra via Ortigara e via Asilo Pedrotti)", "tipologia": "Ciclopedonale", "tratto isolato ciclabile": null, "tratto isolato ciclopedonale": null, "anno": null, "gestione": null, "itinerario": "0", "Tipo CdS": "2.1 PRO PED", "Ordinanza": null, "Monodirezionale": null, "intervento 2026": null, "Esist_prog": "E"}, "geometry": {"type": "LineString", "coordinates": [[11.124583711739463, 46.058764715302665], [11.125013560192091, 46.05884023771209], [11.125041662847792, 46.05890401211798]]}}, {"type": "Feature", "properties": {"descrizione": "Percorso ciclopedonale - via V. Veneto (ex caserme duca d'Aosta): lato ovest civ.68-72", "tipologia": "Ciclopedonale", "tratto isolato ciclabile": null, "tratto isolato ciclopedonale": null, "anno": 2020, "gestione": null, "itinerario": "0", "Tipo CdS": "2.1 PRO PED", "Ordinanza": null, "Monodirezionale": null, "intervento 2026": null, "Esist_prog": "E"}, "geometry": {"type": "LineString", "coordinates": [[11.12202485787327, 46.05761457575964], [11.121849910274266, 46.058039857259494], [11.121785192656256, 46.05808712768025], [11.121734350417132, 46.05821578132578]]}}, {"type": "Feature", "properties": {"descrizione": "Percorso ciclopedonale - via Adamello", "tipologia": "Ciclopedonale", "tratto isolato ciclabile": null, "tratto isolato ciclopedonale": 135, "anno": null, "gestione": null, "itinerario": "14", "Tipo CdS": "2.1 PRO PED", "Ordinanza": null, "Monodirezionale": null, "intervento 2026": null, "Esist_prog": "E"}, "geometry": {"type": "LineString", "coordinates": [[11.13162434744799, 46.060058601047665], [11.132112498769555, 46.059850086214475], [11.132723910458905, 46.059714377251055], [11.133174510613374, 46.05969073737298]]}}, {"type": "Feature", "properties": {"descrizione": "Percorso ciclopedonale - via A. Gramsci: tratto tra i civ. 42-48", "tipologia": "Ciclopedonale", "tratto isolato ciclabile": 105, "tratto isolato ciclopedonale": null, "anno": 2017, "gestione": null, "itinerario": "0", "Tipo CdS": "2.1 PRO PED", "Ordinanza": null, "Monodirezionale": null, "intervento 2026": null, "Esist_prog": "E"}, "geometry": {"type": "LineString", "coordinates": [[11.124629889080428, 46.05340210234769], [11.124666455477401, 46.0534182631292], [11.125798497597524, 46.05343020634489], [11.125812347837435, 46.053452615025655], [11.125841831826552, 46.053503056647266], [11.125869190945409, 46.05351564596611]]}}, {"type": "Feature", "properties": {"descrizione": "Percorso ciclopedonale via Dos Trento-via Druso-via F.lli Fontana fino al civ. 2/1", "tipologia": "Ciclopedonale", "tratto isolato ciclabile": null, "tratto isolato ciclopedonale": null, "anno": 2017, "gestione": null, "itinerario": "12", "Tipo CdS": "2.1 PRO PED", "Ordinanza": null, "Monodirezionale": null, "intervento 2026": "MANUTENZIONE", "Esist_prog": "E"}, "geometry": {"type": "LineString", "coordinates": [[11.112242871246215, 46.07478243696828], [11.11308000000519, 46.07468000000772], [11.113139326356055, 46.074695186897976], [11.113143366425184, 46.07472693066882], [11.11311268411941, 46.07491086453832], [11.113046452801955, 46.07522535405746], [11.113031020283433, 46.075388996277226], [11.11303457774351, 46.07555622358278], [11.11305642736722, 46.075887471546984], [11.113103171730518, 46.07629104451574], [11.113131150113622, 46.076332514321365], [11.113175383662659, 46.0763553140277], [11.113227303517828, 46.076381907854554], [11.11326058357306, 46.07641409484727], [11.113284693959036, 46.076453011955316], [11.113291566579933, 46.076534235190024], [11.113314243695743, 46.07658498772539], [11.113460102319806, 46.076701690968385], [11.113687546859838, 46.07682573170491], [11.11402535868244, 46.07696981871602], [11.114276053502698, 46.07705643201425], [11.115712566175487, 46.07749554072171], [11.11578691478007, 46.077497310518545], [11.115897456319047, 46.07744896291628], [11.115968747290593, 46.0773707748777], [11.116085339994036, 46.077408563612735], [11.116111774683901, 46.077462524786654], [11.11617473918251, 46.07747831774215], [11.116256369661306, 46.07747327403349], [11.11645239079672, 46.07744005527268]]}}, {"type": "Feature", "properties": {"descrizione": "Percorso ciclopedonale in via F.lli Fontana dal civ. 33 all'incrocio di via Segantini", "tipologia": "Ciclopedonale", "tratto isolato ciclabile": null, "tratto isolato ciclopedonale": null, "anno": 2017, "gestione": null, "itinerario": "12", "Tipo CdS": "2.1 PRO PED", "Ordinanza": null, "Monodirezionale": null, "intervento 2026": "MANUTENZIONE", "Esist_prog": "E"}, "geometry": {"type": "LineString", "coordinates": [[11.122749696558195, 46.07573682912584], [11.122704052234743, 46.07574100036027], [11.122555103414966, 46.07579066131898], [11.122581467783093, 46.07583251117999], [11.122235245665795, 46.07607855843075], [11.122140371626156, 46.076136098275455], [11.122071746475026, 46.07617282010611], [11.12181344521772, 46.076244080944555], [11.119869240088638, 46.07666587500132], [11.119809077169844, 46.07666502200659], [11.11977137542432, 46.07664110544487], [11.119751308992436, 46.07659741496656], [11.119591053004223, 46.0766347553457], [11.119617259864768, 46.076689167222845], [11.119576280911305, 46.07672360401782], [11.119340070878039, 46.0767819506541], [11.119042679915713, 46.07685749024973]]}}, {"type": "Feature", "properties": {"descrizione": "Percorso ciclopedonale - passerella sul Fersina", "tipologia": "Ciclopedonale", "tratto isolato ciclabile": null, "tratto isolato ciclopedonale": null, "anno": null, "gestione": null, "itinerario": "0", "Tipo CdS": "2.1 PRO PED", "Ordinanza": null, "Monodirezionale": null, "intervento 2026": null, "Esist_prog": "E"}, "geometry": {"type": "LineString", "coordinates": [[11.12497409580227, 46.05727396215082], [11.125219183922837, 46.057220585052356], [11.125531045204461, 46.05710226334007]]}}, {"type": "Feature", "properties": {"descrizione": "Percorso ciclopedonale - passerella nord sull'Adigetto", "tipologia": "Ciclopedonale", "tratto isolato ciclabile": null, "tratto isolato ciclopedonale": null, "anno": null, "gestione": null, "itinerario": "0", "Tipo CdS": "2.1 PRO PED", "Ordinanza": null, "Monodirezionale": null, "intervento 2026": null, "Esist_prog": "E"}, "geometry": {"type": "LineString", "coordinates": [[11.112639907817254, 46.061021575606006], [11.112243003748455, 46.06099757925979]]}}, {"type": "Feature", "properties": {"descrizione": "Percorso ciclopedonale - Piazza Vicenza", "tipologia": "Ciclopedonale", "tratto isolato ciclabile": null, "tratto isolato ciclopedonale": 120, "anno": null, "gestione": null, "itinerario": "14", "Tipo CdS": "2.1 PRO PED", "Ordinanza": null, "Monodirezionale": null, "intervento 2026": null, "Esist_prog": "E"}, "geometry": {"type": "LineString", "coordinates": [[11.133843158459495, 46.06167818618941], [11.133846191548859, 46.06177277107054], [11.133753206378984, 46.06177536039813], [11.133649616347327, 46.06178880553551], [11.133583487219099, 46.06180496149727], [11.133499188450273, 46.061840831882186], [11.13339828812262, 46.06190636225211], [11.133352401960188, 46.06193947416599], [11.133347224325314, 46.06196710941144], [11.1332666283575, 46.06202105089042], [11.13322915022943, 46.06202652540259], [11.132727410516582, 46.06237088975831]]}}, {"type": "Feature", "properties": {"descrizione": "Pista ciclabile - via Grazioli (tra via Brigata Acqui e via Paradisi)", "tipologia": "Ciclabile", "tratto isolato ciclabile": 120, "tratto isolato ciclopedonale": null, "anno": null, "gestione": null, "itinerario": "15", "Tipo CdS": "1.3 PCCR marc", "Ordinanza": null, "Monodirezionale": null, "intervento 2026": "MANUTENZIONE", "Esist_prog": "E"}, "geometry": {"type": "LineString", "coordinates": [[11.129121554165321, 46.066856304163295], [11.129103335773555, 46.0668909624709], [11.128518001062693, 46.067053946094504], [11.127848008575167, 46.067153008449196], [11.127737312109748, 46.06717540868114], [11.12767674839855, 46.06704401662027]]}}, {"type": "Feature", "properties": {"descrizione": "Percorso ciclopedonale - via G.D. Romagnosi", "tipologia": "Ciclopedonale", "tratto isolato ciclabile": null, "tratto isolato ciclopedonale": null, "anno": null, "gestione": null, "itinerario": "0", "Tipo CdS": "2.1 PRO PED", "Ordinanza": null, "Monodirezionale": null, "intervento 2026": null, "Esist_prog": "E"}, "geometry": {"type": "LineString", "coordinates": [[11.123799548769242, 46.07262850222314], [11.12118901566505, 46.07349966965508]]}}, {"type": "Feature", "properties": {"descrizione": "Pista ciclabile in via Sanseverino (lato est) nel tratto prossimo all'intersezione con via Verdi", "tipologia": "Ciclabile", "tratto isolato ciclabile": null, "tratto isolato ciclopedonale": null, "anno": 2020, "gestione": null, "itinerario": "15", "Tipo CdS": "1.3 PCCR marc", "Ordinanza": "1057/2020", "Monodirezionale": null, "intervento 2026": "NESSUNO", "Esist_prog": "E"}, "geometry": {"type": "LineString", "coordinates": [[11.114334024156946, 46.06605146109518], [11.114389385987685, 46.066136331303305], [11.114449899958947, 46.066171687218194]]}}, {"type": "Feature", "properties": {"descrizione": "Percorso ciclopedonale - via Innsbruck: tratto dal civ.37 al civ.53", "tipologia": "Ciclopedonale", "tratto isolato ciclabile": null, "tratto isolato ciclopedonale": null, "anno": null, "gestione": null, "itinerario": "5", "Tipo CdS": "2.1 PRO PED", "Ordinanza": null, "Monodirezionale": null, "intervento 2026": "NESSUNO", "Esist_prog": "E"}, "geometry": {"type": "LineString", "coordinates": [[11.092183170470664, 46.10800128674956], [11.092217870086534, 46.10788781580215], [11.092085594141755, 46.107870119037926], [11.092019154482248, 46.10784711518285], [11.09195589055828, 46.107810139307915], [11.091934370519906, 46.107779871353586], [11.091934019105627, 46.10775095264684], [11.092282739694028, 46.10651258912759], [11.092609854394464, 46.10548274168113], [11.09270745824626, 46.10540013191014], [11.09281240182927, 46.10535018457956], [11.092994795999363, 46.10533089305182], [11.0930371767609, 46.10522413661585]]}}, {"type": "Feature", "properties": {"descrizione": "Pista ciclabile - via Innsbruck: tratto dal civ.53 al civ.67", "tipologia": "Ciclabile", "tratto isolato ciclabile": null, "tratto isolato ciclopedonale": null, "anno": null, "gestione": null, "itinerario": "5", "Tipo CdS": "1.3 PCCR marc", "Ordinanza": null, "Monodirezionale": null, "intervento 2026": "NESSUNO", "Esist_prog": "E"}, "geometry": {"type": "LineString", "coordinates": [[11.0930371767609, 46.10522413661585], [11.092893776375615, 46.10517147801432], [11.09279619267043, 46.105095110243965], [11.092781455193318, 46.1049794203704], [11.093110482355728, 46.10421018817786], [11.093801117348644, 46.103305767665745], [11.094821478080949, 46.102057923438366], [11.095064235790508, 46.101755311271305], [11.095140702449358, 46.10169744443389], [11.095234208839276, 46.10167004899933], [11.095394734972798, 46.101638563774], [11.095558903764289, 46.101630894627476], [11.095698172151637, 46.1016441634423], [11.095823391973362, 46.101675891133155], [11.095947687065987, 46.10172598423855], [11.096013275796391, 46.10176063785865], [11.096047152991432, 46.10179820066189], [11.096072226924797, 46.10184826196133], [11.096066641720181, 46.10190693094509]]}}, {"type": "Feature", "properties": {"descrizione": "Sottopasso ciclopedonale in viale Verona all'altezza della piscina di via Fogazzaro", "tipologia": "Ciclopedonale", "tratto isolato ciclabile": null, "tratto isolato ciclopedonale": null, "anno": 2016, "gestione": null, "itinerario": "0", "Tipo CdS": "2.1 PRO PED", "Ordinanza": null, "Monodirezionale": null, "intervento 2026": null, "Esist_prog": "E"}, "geometry": {"type": "LineString", "coordinates": [[11.129144587362468, 46.05536207406923], [11.129250096185476, 46.055345704006015], [11.129319114118033, 46.0553198509607], [11.129348503861513, 46.05528303805455], [11.129363342347107, 46.055247657471355], [11.12934572518721, 46.05520336564893], [11.129344808242182, 46.055172361794895], [11.129366021953278, 46.05515597854998], [11.129405715213462, 46.05515406887663], [11.129433499792746, 46.05516290974465], [11.129460264608776, 46.055188927311505], [11.129461738343856, 46.055212686650414], [11.129454356591518, 46.05525376874726], [11.129409170329547, 46.055302184594076], [11.129315839587063, 46.055380353880246], [11.12886095299047, 46.05552375307092], [11.128826086993865, 46.05552011333717], [11.128750765012507, 46.05541824859069]]}}, {"type": "Feature", "properties": {"descrizione": "Percorso ciclopedonale via S. Pio X: tratto tra via S. Pio X e via Degasperi", "tipologia": "Ciclopedonale", "tratto isolato ciclabile": null, "tratto isolato ciclopedonale": null, "anno": null, "gestione": null, "itinerario": "3", "Tipo CdS": "2.1 PRO PED", "Ordinanza": null, "Monodirezionale": null, "intervento 2026": null, "Esist_prog": "E"}, "geometry": {"type": "LineString", "coordinates": [[11.120740739445973, 46.05287661330756], [11.120236161675075, 46.052825708846726], [11.120242721585244, 46.05278852294299]]}}, {"type": "Feature", "properties": {"descrizione": "Pista ciclabile lungo il lato sud delle arcate della ferrovia Tn-Ve all'interno del Giardino Alexander Langer", "tipologia": "Ciclabile", "tratto isolato ciclabile": null, "tratto isolato ciclopedonale": null, "anno": 2016, "gestione": null, "itinerario": "0", "Tipo CdS": "1.3 PCCR marc", "Ordinanza": null, "Monodirezionale": null, "intervento 2026": null, "Esist_prog": "E"}, "geometry": {"type": "LineString", "coordinates": [[11.126968403384716, 46.05563367827148], [11.127203680568996, 46.055649185086196], [11.127516671974771, 46.0556464764769], [11.127906957998777, 46.05561464108535], [11.128203932139055, 46.05556680002271], [11.128560402458028, 46.05547995044559], [11.128750765012507, 46.05541824859069]]}}, {"type": "Feature", "properties": {"descrizione": "Pista ciclabile su via Valnigra (tratto dal civ. 29/A al civ 36)", "tipologia": "Ciclabile", "tratto isolato ciclabile": 300, "tratto isolato ciclopedonale": null, "anno": null, "gestione": null, "itinerario": "10", "Tipo CdS": "1.3 PCCR marc", "Ordinanza": null, "Monodirezionale": null, "intervento 2026": null, "Esist_prog": "E"}, "geometry": {"type": "LineString", "coordinates": [[11.144525297631949, 46.05085947571589], [11.144627349828262, 46.05086665547707], [11.144627349828262, 46.05086665547707], [11.144627349828262, 46.05086665547707], [11.144627349828262, 46.05086665547707], [11.14479728151957, 46.05104271975367], [11.144975893197499, 46.05119020174285], [11.145320681076141, 46.05142662218096], [11.145731284664341, 46.05168163356226], [11.146212235082679, 46.05199338999827], [11.146382447030446, 46.05216014754461], [11.146612627945242, 46.052260274445324], [11.147023079036849, 46.05251103514617]]}}, {"type": "Feature", "properties": {"descrizione": "Percorso ciclopedonale - via V. Veneto (antistante ex caserme duca d'Aosta): tratto tra i civ.50 e 72", "tipologia": "Ciclopedonale", "tratto isolato ciclabile": null, "tratto isolato ciclopedonale": null, "anno": 2020, "gestione": null, "itinerario": "0", "Tipo CdS": "2.1 PRO PED", "Ordinanza": "1416/2020", "Monodirezionale": null, "intervento 2026": null, "Esist_prog": "E"}, "geometry": {"type": "LineString", "coordinates": [[11.121734350417132, 46.05821578132578], [11.121607660213009, 46.058191093823844], [11.121541444926775, 46.05836071766765]]}}, {"type": "Feature", "properties": {"descrizione": "Pista ciclabile via S. Giovanni Bosco (tratto antistante scuole Crispi)", "tipologia": "Ciclabile", "tratto isolato ciclabile": 70, "tratto isolato ciclopedonale": null, "anno": 2018, "gestione": null, "itinerario": "0", "Tipo CdS": "1.3 PCCR marc", "Ordinanza": null, "Monodirezionale": null, "intervento 2026": null, "Esist_prog": "E"}, "geometry": {"type": "LineString", "coordinates": [[11.12486451345095, 46.064878012544305], [11.125710994702175, 46.064738434458185]]}}, {"type": "Feature", "properties": {"descrizione": "Pista ciclabile - via B. Malfatti", "tipologia": "Ciclabile", "tratto isolato ciclabile": null, "tratto isolato ciclopedonale": null, "anno": null, "gestione": null, "itinerario": "8", "Tipo CdS": "1.3 PCCR marc", "Ordinanza": null, "Monodirezionale": null, "intervento 2026": "MANUTENZIONE", "Esist_prog": "E"}, "geometry": {"type": "LineString", "coordinates": [[11.124986283288663, 46.06094569506061], [11.126420619909835, 46.06163633562469]]}}, {"type": "Feature", "properties": {"descrizione": "Percorso ciclopedonale via S.Pio X n. 26", "tipologia": "Ciclopedonale", "tratto isolato ciclabile": null, "tratto isolato ciclopedonale": null, "anno": null, "gestione": null, "itinerario": "0", "Tipo CdS": "2.1 PRO PED", "Ordinanza": null, "Monodirezionale": null, "intervento 2026": null, "Esist_prog": "E"}, "geometry": {"type": "LineString", "coordinates": [[11.120309694088933, 46.05478444962529], [11.120330703321136, 46.05467677477205]]}}, {"type": "Feature", "properties": {"descrizione": "Corsia ciclabile monodirezionale (sud-nord) su via Pasubio, tratto dall'intersezione con via Giraldi a piazza Vicenza (lato est)", "tipologia": "Corsia ciclabile", "tratto isolato ciclabile": null, "tratto isolato ciclopedonale": null, "anno": 2020, "gestione": null, "itinerario": "14", "Tipo CdS": "3.4 CC 12-bis", "Ordinanza": "911/2020", "Monodirezionale": "Mono", "intervento 2026": null, "Esist_prog": "E"}, "geometry": {"type": "LineString", "coordinates": [[11.133181296664215, 46.05861947865731], [11.133285522820458, 46.0597183465687], [11.133527778167142, 46.0613202302867], [11.13355562448466, 46.06151453990536]]}}, {"type": "Feature", "properties": {"descrizione": "Percorso ciclopedonale - via Taramelli", "tipologia": "Ciclopedonale", "tratto isolato ciclabile": null, "tratto isolato ciclopedonale": 70, "anno": 2016, "gestione": null, "itinerario": "0", "Tipo CdS": "2.1 PRO PED", "Ordinanza": null, "Monodirezionale": null, "intervento 2026": null, "Esist_prog": "E"}, "geometry": {"type": "LineString", "coordinates": [[11.115855264724944, 46.06123124684995], [11.116762520604029, 46.06129306296415]]}}, {"type": "Feature", "properties": {"descrizione": "Pista ciclabile via Grazioli: dall'intersezione con via Brigata Acqui al civ.101", "tipologia": "Ciclabile", "tratto isolato ciclabile": null, "tratto isolato ciclopedonale": null, "anno": 2024, "gestione": null, "itinerario": "15", "Tipo CdS": "1.3 PCCR marc", "Ordinanza": null, "Monodirezionale": null, "intervento 2026": "NESSUNO", "Esist_prog": "E"}, "geometry": {"type": "LineString", "coordinates": [[11.13481739896913, 46.065161053436256], [11.134224076442607, 46.06515359776549], [11.133749422800403, 46.0651988367534], [11.133246524381185, 46.065300111683456], [11.132693081882868, 46.06551877123815], [11.13191307487874, 46.06583894156715], [11.131360101959803, 46.066066655922995], [11.130897253481832, 46.066256149425406], [11.12912287932874, 46.06697384880407], [11.129069880634908, 46.06690027799856]]}}, {"type": "Feature", "properties": {"descrizione": "Percorso ciclopedonale su via Valnigra (tratto dal civ.36 all'intersezione con via Castel di Pietrapiana)", "tipologia": "Ciclopedonale", "tratto isolato ciclabile": null, "tratto isolato ciclopedonale": 40, "anno": null, "gestione": null, "itinerario": "10", "Tipo CdS": "2.1 PRO PED", "Ordinanza": null, "Monodirezionale": null, "intervento 2026": null, "Esist_prog": "E"}, "geometry": {"type": "LineString", "coordinates": [[11.147023079036849, 46.05251103514617], [11.147705032018164, 46.0529213234481]]}}, {"type": "Feature", "properties": {"descrizione": "Percorso ciclopedonale in via Barbacovi da Largo Pigarelli a via Brigata Acqui (lato nord)", "tipologia": "Ciclopedonale", "tratto isolato ciclabile": null, "tratto isolato ciclopedonale": 244, "anno": 2020, "gestione": null, "itinerario": "14", "Tipo CdS": "2.1 PRO PED", "Ordinanza": "715/2020", "Monodirezionale": null, "intervento 2026": null, "Esist_prog": "E"}, "geometry": {"type": "LineString", "coordinates": [[11.125712457199974, 46.065589302696445], [11.128021530206814, 46.06500044759967], [11.128055069923983, 46.065013413661276], [11.128088697275228, 46.06505150410773]]}}, {"type": "Feature", "properties": {"descrizione": "Pista ciclabile via Maestri: tratto tra corso del Lavoro e Scienza a rotatoria via Giusti", "tipologia": "Ciclabile", "tratto isolato ciclabile": null, "tratto isolato ciclopedonale": null, "anno": 2019, "gestione": null, "itinerario": "8", "Tipo CdS": "1.3 PCCR marc", "Ordinanza": "1649/2019", "Monodirezionale": null, "intervento 2026": "MANUTENZIONE", "Esist_prog": "E"}, "geometry": {"type": "LineString", "coordinates": [[11.118967710654264, 46.05953716102812], [11.118941574524854, 46.05962972674756], [11.118919631535611, 46.05967620517235], [11.118864074839719, 46.05971405648994], [11.118807876624942, 46.05973514569952], [11.118758317617736, 46.05977615870382], [11.118730134825643, 46.05982291208306], [11.118687911700277, 46.05988669980932], [11.1186176416371, 46.05992400561853], [11.118499062263888, 46.05992947544681], [11.116112319868956, 46.05978402111572], [11.116032104775034, 46.05975364488645], [11.115996187532073, 46.059684793104786]]}}, {"type": "Feature", "properties": {"descrizione": "Pista ciclabile in via F.lli Fontana dal civ.2/1 al civ.33", "tipologia": "Ciclabile", "tratto isolato ciclabile": null, "tratto isolato ciclopedonale": null, "anno": 2017, "gestione": null, "itinerario": "12", "Tipo CdS": "1.3 PCCR marc", "Ordinanza": null, "Monodirezionale": null, "intervento 2026": "MANUTENZIONE", "Esist_prog": "E"}, "geometry": {"type": "LineString", "coordinates": [[11.11645239079672, 46.07744005527268], [11.119042679915713, 46.07685749024973]]}}, {"type": "Feature", "properties": {"descrizione": "Percorso ciclopedonale in p.zza Fiera nel tratto compreso tra Largo Pigarelli e il civ.1", "tipologia": "Ciclopedonale", "tratto isolato ciclabile": null, "tratto isolato ciclopedonale": null, "anno": 2020, "gestione": null, "itinerario": "14", "Tipo CdS": "2.1 PRO PED", "Ordinanza": null, "Monodirezionale": null, "intervento 2026": null, "Esist_prog": "E"}, "geometry": {"type": "LineString", "coordinates": [[11.124874195077224, 46.065329603364034], [11.125090424292543, 46.06544423399296], [11.125269640610899, 46.06552153787995], [11.125452201976657, 46.065538182510785], [11.12565709722479, 46.06548380252889], [11.125712457199974, 46.065589302696445]]}}, {"type": "Feature", "properties": {"descrizione": "Percorso ciclabile da inizio parco lungo argine destro torrente Fersina fino al ponte dei Cavalleggeri", "tipologia": "Ciclabile", "tratto isolato ciclabile": null, "tratto isolato ciclopedonale": null, "anno": null, "gestione": null, "itinerario": "7", "Tipo CdS": "1.1 PCSP", "Ordinanza": null, "Monodirezionale": null, "intervento 2026": "NESSUNO", "Esist_prog": "E"}, "geometry": {"type": "LineString", "coordinates": [[11.124351163086839, 46.05621220844303], [11.124393953308829, 46.05630179403412], [11.124342561313584, 46.05644895102851], [11.124375834804335, 46.05663365716674], [11.124546570911882, 46.05690744197914], [11.124667880200507, 46.057082598508835], [11.124769252913309, 46.057117029184056], [11.124836672732458, 46.05715804469587], [11.12497409580227, 46.05727396215082], [11.12506220261082, 46.057408359414154], [11.125090136609087, 46.05751232267093], [11.125183822909728, 46.05759154674313], [11.125269790939099, 46.05768133283559], [11.125416053147134, 46.057737848606024], [11.12555161657494, 46.05786094408176], [11.1256056031085, 46.05788613477822], [11.12564477885314, 46.057926484613766], [11.125764241114032, 46.05808679072793], [11.125883174895694, 46.058195229510794], [11.125954097014244, 46.05826058828535], [11.126247733597777, 46.05845166934653], [11.12650842186943, 46.058603988119174], [11.126583197600757, 46.058680586303886], [11.12689498119032, 46.058902182403216]]}}, {"type": "Feature", "properties": {"descrizione": "Percorso ciclopedonale in via dei Mille, dall'intersezione con via Abba al num. Civ. 1 (lato est)", "tipologia": "Ciclopedonale", "tratto isolato ciclabile": null, "tratto isolato ciclopedonale": null, "anno": 2020, "gestione": null, "itinerario": "8", "Tipo CdS": "2.1 PRO PED", "Ordinanza": null, "Monodirezionale": null, "intervento 2026": "REVISIONE CON MANUTENZIONE", "Esist_prog": "E"}, "geometry": {"type": "LineString", "coordinates": [[11.127367323720993, 46.063136627771726], [11.127505710855045, 46.062967977528764]]}}, {"type": "Feature", "properties": {"descrizione": "Pista ciclabile monodirezionale (ovest-est) in piazza Vicenza, tratto prospiciente i civici 6 e 11", "tipologia": "Ciclabile", "tratto isolato ciclabile": null, "tratto isolato ciclopedonale": null, "anno": 2020, "gestione": null, "itinerario": "14", "Tipo CdS": "1.3 PCCR marc", "Ordinanza": "911/2020", "Monodirezionale": "Mono", "intervento 2026": null, "Esist_prog": "E"}, "geometry": {"type": "LineString", "coordinates": [[11.13355562448466, 46.06151453990536], [11.13359491460341, 46.06154442877027], [11.133605283729427, 46.06162026491164], [11.133647283355021, 46.06165807141818], [11.13369867234856, 46.06168187895297], [11.133843158459495, 46.06167818618941]]}}, {"type": "Feature", "properties": {"descrizione": "Percorso ciclopedonale - via V. Veneto (ex caserme duca d'Aosta): tratto ovest civ.46-50", "tipologia": "Ciclopedonale", "tratto isolato ciclabile": null, "tratto isolato ciclopedonale": null, "anno": 2020, "gestione": null, "itinerario": "0", "Tipo CdS": "2.1 PRO PED", "Ordinanza": null, "Monodirezionale": null, "intervento 2026": null, "Esist_prog": "E"}, "geometry": {"type": "LineString", "coordinates": [[11.121385010168282, 46.05748488383543], [11.121165077185731, 46.05806642242034]]}}, {"type": "Feature", "properties": {"descrizione": "Corsia ciclabile monodirezionale (sud-nord) su via Gerola, tratto dal civico 8 all'intersezione con via Giraldi (lato est)", "tipologia": "Corsia ciclabile", "tratto isolato ciclabile": null, "tratto isolato ciclopedonale": null, "anno": 2020, "gestione": null, "itinerario": "14", "Tipo CdS": "3.4 CC 12-bis", "Ordinanza": "991/2020", "Monodirezionale": "Mono", "intervento 2026": null, "Esist_prog": "E"}, "geometry": {"type": "LineString", "coordinates": [[11.133087000005444, 46.05838900000771], [11.133181296664215, 46.05861947865731]]}}, {"type": "Feature", "properties": {"descrizione": "Pista ciclabile contigua al marciapiede sul ponte dei Cavalleggeri: tratto monodirezionale S-N  sul lato est", "tipologia": "Ciclabile", "tratto isolato ciclabile": null, "tratto isolato ciclopedonale": null, "anno": 2023, "gestione": null, "itinerario": "7", "Tipo CdS": "1.3 PCCR marc", "Ordinanza": "1567/2023", "Monodirezionale": "Mono", "intervento 2026": "MANUTENZIONE", "Esist_prog": "E"}, "geometry": {"type": "LineString", "coordinates": [[11.127251464835231, 46.05875924504648], [11.127063000726576, 46.05890986914083]]}}, {"type": "Feature", "properties": {"descrizione": "Percorso ciclopedonale di collegamaneto tra via Marsala e via Palermo", "tipologia": "Ciclopedonale", "tratto isolato ciclabile": null, "tratto isolato ciclopedonale": null, "anno": 2016, "gestione": null, "itinerario": "0", "Tipo CdS": "2.1 PRO PED", "Ordinanza": "84/2016", "Monodirezionale": null, "intervento 2026": null, "Esist_prog": "E"}, "geometry": {"type": "LineString", "coordinates": [[11.12586761540447, 46.05624488657263], [11.126570210717588, 46.05700925639741], [11.126609203389062, 46.05705163834393], [11.126658504326386, 46.05712504160154], [11.126319233772989, 46.05727896432464], [11.126227056696742, 46.05735651527496], [11.12620154545799, 46.05737632545834], [11.12617356336456, 46.0573904332583], [11.126139400072331, 46.05739995287997], [11.126088554317148, 46.05740507974414], [11.126038077690726, 46.05740027072849], [11.12600009196561, 46.05738843573043], [11.125963835243764, 46.057362981509165], [11.125879056377343, 46.05726631437451], [11.125741387422137, 46.05712150893562], [11.125697818908877, 46.05708155848408], [11.125664133528211, 46.05706441757699], [11.125618401494384, 46.057057368671806], [11.125531045204461, 46.05710226334007]]}}, {"type": "Feature", "properties": {"descrizione": "Percorso ciclopedonale - via V. Veneto", "tipologia": "Ciclopedonale", "tratto isolato ciclabile": null, "tratto isolato ciclopedonale": null, "anno": null, "gestione": null, "itinerario": "0", "Tipo CdS": "2.1 PRO PED", "Ordinanza": null, "Monodirezionale": null, "intervento 2026": null, "Esist_prog": "E"}, "geometry": {"type": "LineString", "coordinates": [[11.12500502549342, 46.05909407553789], [11.125767859055182, 46.059660876918905], [11.125828396640365, 46.05968242392674], [11.125965458038744, 46.05967918641399]]}}, {"type": "Feature", "properties": {"descrizione": "Percorso ciclabile da via del Maso Smalz allo svincolo per via San Pio X", "tipologia": "Ciclabile", "tratto isolato ciclabile": null, "tratto isolato ciclopedonale": null, "anno": null, "gestione": null, "itinerario": "6", "Tipo CdS": "1.3 PCCR marc", "Ordinanza": null, "Monodirezionale": null, "intervento 2026": null, "Esist_prog": "E"}, "geometry": {"type": "LineString", "coordinates": [[11.120242721585244, 46.05278852294299], [11.119223540033264, 46.05270165198027], [11.118965452232832, 46.052655449826425], [11.118877678444031, 46.05265825444995], [11.118789213616724, 46.0526724463621], [11.118747400451863, 46.052624978078384], [11.118681072893866, 46.052584632234364], [11.11776731624585, 46.05228210647342], [11.117667166752586, 46.05227062722953], [11.117588073092138, 46.052286801747236], [11.117505634015112, 46.052325983409936], [11.117372856691954, 46.05236157278146], [11.117318965454484, 46.052389986459474], [11.117267639842952, 46.052422175080224], [11.117230546658428, 46.05246101726119], [11.117197194433384, 46.05251722249371], [11.117076261866982, 46.05249259610046], [11.117037244955693, 46.052502490353525], [11.117013315270954, 46.05252592503321], [11.116940611928758, 46.052694556408916], [11.116854097635276, 46.05290717677916], [11.116691669666537, 46.05329333830305]]}}, {"type": "Feature", "properties": {"descrizione": "Corsia ciclabile monodirezionale N-S lato ovest ponte Borzaga", "tipologia": "Corsia ciclabile", "tratto isolato ciclabile": null, "tratto isolato ciclopedonale": null, "anno": 2023, "gestione": null, "itinerario": "7", "Tipo CdS": "3.4 CC 12-bis", "Ordinanza": "1567/2023", "Monodirezionale": "Mono", "intervento 2026": "MANUTENZIONE", "Esist_prog": "E"}, "geometry": {"type": "LineString", "coordinates": [[11.13231225787861, 46.06252395013183], [11.132550179086566, 46.06235901736599]]}}, {"type": "Feature", "properties": {"descrizione": "Percorso ciclopedonale - lungo Fersina", "tipologia": "Ciclopedonale", "tratto isolato ciclabile": null, "tratto isolato ciclopedonale": null, "anno": null, "gestione": null, "itinerario": "0", "Tipo CdS": "2.1 PRO PED", "Ordinanza": null, "Monodirezionale": null, "intervento 2026": null, "Esist_prog": "E"}, "geometry": {"type": "LineString", "coordinates": [[11.124351163086839, 46.05621220844303], [11.12431502766488, 46.05622959028056], [11.124001469500945, 46.05588701835804], [11.123971676593213, 46.05590288967738], [11.123957953758776, 46.05593099467091], [11.124106404630224, 46.056130401130225], [11.12411108718826, 46.05615846606801], [11.12405239077865, 46.05618211575672]]}}, {"type": "Feature", "properties": {"descrizione": "Corsia ciclabile monodirezionale S-N lato est ponte Borzaga", "tipologia": "Corsia ciclabile", "tratto isolato ciclabile": null, "tratto isolato ciclopedonale": null, "anno": 2023, "gestione": null, "itinerario": "14", "Tipo CdS": "3.4 CC 12-bis", "Ordinanza": "1567/2023", "Monodirezionale": "Mono", "intervento 2026": null, "Esist_prog": "E"}, "geometry": {"type": "LineString", "coordinates": [[11.132609329497615, 46.06240321427156], [11.13238065741572, 46.06256844232458]]}}, {"type": "Feature", "properties": {"descrizione": "Pista ciclabile - via V. Veneto", "tipologia": "Ciclabile", "tratto isolato ciclabile": null, "tratto isolato ciclopedonale": null, "anno": null, "gestione": null, "itinerario": "0", "Tipo CdS": "1.3 PCCR marc", "Ordinanza": null, "Monodirezionale": null, "intervento 2026": null, "Esist_prog": "E"}, "geometry": {"type": "LineString", "coordinates": [[11.122848326858332, 46.05836639143962], [11.122828608540546, 46.05840908148264], [11.122887518535878, 46.05844307122449], [11.12351455729127, 46.058558877703376], [11.12414644736123, 46.05867996414553], [11.124583711739463, 46.058764715302665]]}}, {"type": "Feature", "properties": {"descrizione": "Pista ciclabile - via V. Veneto: tratto tra via Bezzi e via Mattioli", "tipologia": "Ciclabile", "tratto isolato ciclabile": null, "tratto isolato ciclopedonale": null, "anno": null, "gestione": null, "itinerario": "0", "Tipo CdS": "1.3 PCCR marc", "Ordinanza": null, "Monodirezionale": null, "intervento 2026": null, "Esist_prog": "E"}, "geometry": {"type": "LineString", "coordinates": [[11.119311507907533, 46.05800780393797], [11.119430348958618, 46.058030930525774], [11.119471846930686, 46.05800841252635], [11.119645515056252, 46.05793779068488], [11.121369223694462, 46.05826976118068], [11.121385077477704, 46.058285396840844], [11.121380971832204, 46.058327014449006]]}}, {"type": "Feature", "properties": {"descrizione": "Percorso ciclopedonale - passerella surd sull'Adigetto", "tipologia": "Ciclopedonale", "tratto isolato ciclabile": null, "tratto isolato ciclopedonale": null, "anno": null, "gestione": null, "itinerario": "0", "Tipo CdS": "2.1 PRO PED", "Ordinanza": null, "Monodirezionale": null, "intervento 2026": null, "Esist_prog": "E"}, "geometry": {"type": "LineString", "coordinates": [[11.112333598278891, 46.05652200755269], [11.11196298750675, 46.05653272673613]]}}, {"type": "Feature", "properties": {"descrizione": "Corsia ciclabile in via del Maso Smalz: tratto tra il civ.11 e via Ghiaie (dir. ovest-est)", "tipologia": "Corsia ciclabile", "tratto isolato ciclabile": null, "tratto isolato ciclopedonale": null, "anno": 2023, "gestione": null, "itinerario": "6", "Tipo CdS": "3.4 CC 12-bis", "Ordinanza": null, "Monodirezionale": "Mono", "intervento 2026": null, "Esist_prog": "E"}, "geometry": {"type": "LineString", "coordinates": [[11.115533802787928, 46.0530370486018], [11.116196495921425, 46.05323918396077], [11.116633496168715, 46.05332484005586], [11.116691669666537, 46.05329333830305]]}}, {"type": "Feature", "properties": {"descrizione": "Percorso ciclopedonale - lungo Adige (tratto tra il ponte di Ravina e il ponte di Mattarello)", "tipologia": "Ciclovia PAT_Itinerario Eurovelo-Bicitalia", "tratto isolato ciclabile": null, "tratto isolato ciclopedonale": null, "anno": null, "gestione": "PAT", "itinerario": "1", "Tipo CdS": "2.1 PRO PED", "Ordinanza": null, "Monodirezionale": null, "intervento 2026": null, "Esist_prog": "E"}, "geometry": {"type": "LineString", "coordinates": [[11.113842268617224, 46.045619913156266], [11.113921615853714, 46.04553158119021], [11.114411092359767, 46.04508354191226], [11.114602368038389, 46.04492580937837], [11.114726001610942, 46.044812056093036], [11.114886500777253, 46.04465860746191], [11.115089962058036, 46.04447092460714], [11.115385557012294, 46.04418252142355], [11.115519419731449, 46.04405743095135], [11.115862088879654, 46.04377354377889], [11.115996516178841, 46.04366330458724], [11.116122666862573, 46.04354578773689], [11.116251410681091, 46.0434263653577], [11.11630761171948, 46.04336216104602], [11.1163081487895, 46.043306418666596], [11.116431046527715, 46.04320884335594], [11.116623232688854, 46.04307524027411], [11.11679222049112, 46.04296250246355], [11.11694171741999, 46.04290941617986], [11.117027600317835, 46.042863410410824], [11.11720584288671, 46.04273241820621], [11.117357626641603, 46.04258664849971], [11.11776483065164, 46.04221893942054], [11.117989542617867, 46.04200103212727], [11.11841041670366, 46.04162126350828], [11.11868133992991, 46.0413618367249], [11.11910217953414, 46.04093446257848], [11.119223327275634, 46.04082118018818], [11.119450147959862, 46.040627799186744], [11.119607360535477, 46.04046804657745], [11.119706719018392, 46.040357944172364], [11.11998030669267, 46.040038641692504], [11.120065413536665, 46.039920476086785], [11.120130271458285, 46.0398457120758], [11.120378440286643, 46.03959613905155], [11.120496769957397, 46.039409347181454], [11.120601910459444, 46.039242231632734], [11.120603106743339, 46.03916941418457], [11.12049033290881, 46.03910322142835], [11.120431579349654, 46.039061632657386], [11.12044762745158, 46.03894752474762], [11.120509644261192, 46.03886101576448], [11.120613876809104, 46.038810711575316], [11.120734101802274, 46.03875157414086], [11.120840454990802, 46.03865001620328], [11.121030420138208, 46.03849284486358], [11.121222993592646, 46.03832891440244], [11.12138889933652, 46.038188679653786], [11.121532924592492, 46.03806560280842], [11.121598080938464, 46.0380015747182], [11.121756331410333, 46.037842114942606], [11.121793563349701, 46.03779430900624], [11.121841643938732, 46.03771593963511], [11.121886080263677, 46.0376208861095], [11.121921589196091, 46.03752809262003], [11.122051236817182, 46.03714730844447], [11.122180131121786, 46.03677062315137], [11.122216579286182, 46.03666315382841], [11.122271163345811, 46.03638605725487], [11.122305567544952, 46.0362252300852], [11.122333747203783, 46.03609802148577], [11.122346214444562, 46.035992044380826], [11.122351776148687, 46.035901900614626], [11.122366738603546, 46.0357041638265], [11.122348923116489, 46.035609676712625], [11.122341470744072, 46.035583369448794], [11.122277869841085, 46.03532121428215], [11.122268435991773, 46.03488183397843], [11.122361470290208, 46.03442055455986], [11.122356447331283, 46.03429815052402], [11.12233285408415, 46.033671072178166], [11.122298818931087, 46.03232393198014], [11.122367194382324, 46.03032511588073], [11.122343455500795, 46.02810581249591], [11.122359055494062, 46.027713554116545], [11.12233825250036, 46.02557078228658], [11.12232592389167, 46.023560410214216], [11.122300673991509, 46.02121237605006], [11.12229771526257, 46.02069074673356], [11.12228228849183, 46.0189546636855], [11.12229211910902, 46.01876714915677], [11.122293518854304, 46.01853710762857], [11.122293514819244, 46.018359260340446], [11.12228873887531, 46.01672364588031], [11.122274008661382, 46.014383468699215], [11.122265066648769, 46.012638850892095], [11.122266920866391, 46.011354062932575], [11.122216239138965, 46.009782791192386], [11.12222041460824, 46.0096871982348]]}}, {"type": "Feature", "properties": {"descrizione": "Pista ciclabile monodirezionale in direzione nord-sud, in via Santa Croce civici 32-78", "tipologia": "Ciclabile su corsia riservata, ricavata dalla carreggiata stradale, ad unico senso di marcia", "tratto isolato ciclabile": null, "tratto isolato ciclopedonale": null, "anno": 2023, "gestione": null, "itinerario": "4", "Tipo CdS": "1.2 PCCR carr", "Ordinanza": "1566/2023", "Monodirezionale": "Mono", "intervento 2026": "MANUTENZIONE", "Esist_prog": "E"}, "geometry": {"type": "LineString", "coordinates": [[11.123310816471609, 46.06419973783642], [11.12333883081581, 46.06410963936367], [11.123399666669126, 46.06406148585018], [11.123455090059387, 46.06384842935014], [11.123435031810386, 46.06381506756461], [11.12353297648129, 46.063362681465506]]}}, {"type": "Feature", "properties": {"descrizione": "Pista ciclabile via Trener: tratto nel parco", "tipologia": "Ciclabile", "tratto isolato ciclabile": null, "tratto isolato ciclopedonale": null, "anno": 2024, "gestione": null, "itinerario": "2", "Tipo CdS": "1.1 PCSP", "Ordinanza": null, "Monodirezionale": "Mono", "intervento 2026": null, "Esist_prog": "E"}, "geometry": {"type": "LineString", "coordinates": [[11.117500341750647, 46.09517350489379], [11.117624124305516, 46.09513264761407], [11.117802408682412, 46.095125460992], [11.117911586950557, 46.09513508336371], [11.11803779050476, 46.09515215412621], [11.118114998541564, 46.095201189530535], [11.118217076001729, 46.09524394072756], [11.118282389240635, 46.095273786264464], [11.118365248011228, 46.09532465776045], [11.118420300981018, 46.09537798579018], [11.11845951756161, 46.09545489976657], [11.118470110850986, 46.095512934185415], [11.11849118753765, 46.09555330496684]]}}, {"type": "Feature", "properties": {"descrizione": "Percorso ciclopedonale tra via Inama e civ. 22 di via Verdi", "tipologia": "Ciclopedonale", "tratto isolato ciclabile": null, "tratto isolato ciclopedonale": null, "anno": 2019, "gestione": null, "itinerario": "15", "Tipo CdS": "2.1 PRO PED", "Ordinanza": "185/2019", "Monodirezionale": null, "intervento 2026": "NESSUNO", "Esist_prog": "E"}, "geometry": {"type": "LineString", "coordinates": [[11.117363737993662, 46.06646996681636], [11.118681223334784, 46.0666032387666]]}}, {"type": "Feature", "properties": {"descrizione": "Pista ciclabile via Muredei-via San Pio X", "tipologia": "Ciclabile", "tratto isolato ciclabile": null, "tratto isolato ciclopedonale": null, "anno": 2016, "gestione": null, "itinerario": "0", "Tipo CdS": "1.1 PCSP", "Ordinanza": null, "Monodirezionale": null, "intervento 2026": null, "Esist_prog": "E"}, "geometry": {"type": "LineString", "coordinates": [[11.118291113994832, 46.055136482377996], [11.11829086289843, 46.055129918102985], [11.1183535006717, 46.055102480965616], [11.118476607253656, 46.05505257350465], [11.118590599074906, 46.05501104609938], [11.118721027710485, 46.05496757152328], [11.118858276300976, 46.05491740138078], [11.11897161395236, 46.05488498665168], [11.11918085678973, 46.054840802189304], [11.119341523863225, 46.05481652637987], [11.119492963349847, 46.054794074014914], [11.119629639652446, 46.05477952368706], [11.119821042289098, 46.05477063255801], [11.12001932064624, 46.05476962326725], [11.120240927434939, 46.054776953274626], [11.120309694088933, 46.05478444962529]]}}, {"type": "Feature", "properties": {"descrizione": "Pista ciclabile da via S.Pio X a via cauriol", "tipologia": "Ciclabile", "tratto isolato ciclabile": null, "tratto isolato ciclopedonale": null, "anno": 2016, "gestione": null, "itinerario": "0", "Tipo CdS": "3.1 PRO CARR", "Ordinanza": null, "Monodirezionale": null, "intervento 2026": null, "Esist_prog": "E"}, "geometry": {"type": "LineString", "coordinates": [[11.120499644158233, 46.05479654538606], [11.12241021904785, 46.05495903960078], [11.12313755479447, 46.05502510432509]]}}, {"type": "Feature", "properties": {"descrizione": "Percorso ciclopedonale parco Albere", "tipologia": "Ciclopedonale", "tratto isolato ciclabile": null, "tratto isolato ciclopedonale": 120, "anno": null, "gestione": null, "itinerario": "0", "Tipo CdS": "2.1 PRO PED", "Ordinanza": null, "Monodirezionale": null, "intervento 2026": "NESSUNO", "Esist_prog": "E"}, "geometry": {"type": "LineString", "coordinates": [[11.115472742647288, 46.0632894291174], [11.117005434110363, 46.063420554421576]]}}, {"type": "Feature", "properties": {"descrizione": "Pista ciclabile - via A. Degasperi: tratto fronte civ.61", "tipologia": "Ciclabile", "tratto isolato ciclabile": null, "tratto isolato ciclopedonale": null, "anno": null, "gestione": null, "itinerario": "3", "Tipo CdS": "1.3 PCCR marc", "Ordinanza": null, "Monodirezionale": null, "intervento 2026": "MANUTENZIONE", "Esist_prog": "E"}, "geometry": {"type": "LineString", "coordinates": [[11.126776088762997, 46.04820892627449], [11.126486375889154, 46.048458156774956]]}}, {"type": "Feature", "properties": {"descrizione": "Pista ciclabile monodirezionale O-E lato sud viale Bolognini: tratto tra piazza Vicenza e via Regina Pacis", "tipologia": "Ciclabile", "tratto isolato ciclabile": null, "tratto isolato ciclopedonale": null, "anno": 2023, "gestione": null, "itinerario": "7", "Tipo CdS": "1.1 PCSP", "Ordinanza": "1567/2023", "Monodirezionale": "Mono", "intervento 2026": "MANUTENZIONE", "Esist_prog": "E"}, "geometry": {"type": "LineString", "coordinates": [[11.132688104103622, 46.062399918462916], [11.13363974414109, 46.06304457373949], [11.1344154986261, 46.0635783419403]]}}, {"type": "Feature", "properties": {"descrizione": "Percorso ciclopedonale - sottopasso via G. Verdi", "tipologia": "Ciclopedonale", "tratto isolato ciclabile": null, "tratto isolato ciclopedonale": null, "anno": 2020, "gestione": null, "itinerario": "15", "Tipo CdS": "2.1 PRO PED", "Ordinanza": "1057/2020", "Monodirezionale": null, "intervento 2026": "NESSUNO", "Esist_prog": "E"}, "geometry": {"type": "LineString", "coordinates": [[11.114449899958947, 46.066171687218194], [11.114541601259935, 46.066197444966704], [11.117363737993662, 46.06646996681636]]}}, {"type": "Feature", "properties": {"descrizione": "Percorso ciclopedonale - lungo Fersina", "tipologia": "Ciclopedonale", "tratto isolato ciclabile": null, "tratto isolato ciclopedonale": null, "anno": null, "gestione": null, "itinerario": "7", "Tipo CdS": "2.1 PRO PED", "Ordinanza": null, "Monodirezionale": null, "intervento 2026": "REVISIONE CON MANUTENZIONE", "Esist_prog": "E"}, "geometry": {"type": "LineString", "coordinates": [[11.121372485583802, 46.052762620407854], [11.121676013665779, 46.05319706748341], [11.122004507575024, 46.05363508814833], [11.12232195983814, 46.05405053772997], [11.122591985267832, 46.05435798905372], [11.122885615708217, 46.05467676781115], [11.123141801681502, 46.05495626954683], [11.12329735923169, 46.05511775741593], [11.123647288842449, 46.05546592849747], [11.123883554537558, 46.05571411921056], [11.12400899904525, 46.05583176387753], [11.124124268078873, 46.05597023438366], [11.124351163086839, 46.05621220844303]]}}, {"type": "Feature", "properties": {"descrizione": "Pista ciclabile - corso 3 Novembre: tratto fronte commissariato", "tipologia": "Ciclabile", "tratto isolato ciclabile": null, "tratto isolato ciclopedonale": null, "anno": null, "gestione": null, "itinerario": "4", "Tipo CdS": "1.1 PCSP", "Ordinanza": null, "Monodirezionale": null, "intervento 2026": "MANUTENZIONE", "Esist_prog": "E"}, "geometry": {"type": "LineString", "coordinates": [[11.123907710231197, 46.06276469272823], [11.123927224401625, 46.06272287725386], [11.124074586038638, 46.062466032176765], [11.124110717373167, 46.06232447027429], [11.124163411142415, 46.06214360403644], [11.124199429315723, 46.06203411510217], [11.124187141980128, 46.061994037363725], [11.12412799439446, 46.06195053856697]]}}, {"type": "Feature", "properties": {"descrizione": "Pista ciclabile via Bezzi: tratto da via Vittorio Veneto alla rotatoria di via Giusti", "tipologia": "Ciclabile", "tratto isolato ciclabile": null, "tratto isolato ciclopedonale": null, "anno": null, "gestione": null, "itinerario": "3", "Tipo CdS": "1.3 PCCR marc", "Ordinanza": null, "Monodirezionale": null, "intervento 2026": "NESSUNO", "Esist_prog": "E"}, "geometry": {"type": "LineString", "coordinates": [[11.1193168294023, 46.05786794871272], [11.119348378124132, 46.05791975707168], [11.119311507907533, 46.05800780393797], [11.119123266942628, 46.05846723392314], [11.118998330397359, 46.05877454699336], [11.118928822252194, 46.058793144779656], [11.11885551677837, 46.05878871739792], [11.118836936164671, 46.05883795801879], [11.118823960743633, 46.05886245279129], [11.118789562287851, 46.0588766569409], [11.118707653748016, 46.058892030560735], [11.118804787832007, 46.05909015915202], [11.118967710654264, 46.05953716102812]]}}, {"type": "Feature", "properties": {"descrizione": "Pista ciclabile - via P.A. Mattioli", "tipologia": "Ciclabile", "tratto isolato ciclabile": null, "tratto isolato ciclopedonale": null, "anno": null, "gestione": null, "itinerario": "11", "Tipo CdS": "1.3 PCCR marc", "Ordinanza": null, "Monodirezionale": null, "intervento 2026": "MANUTENZIONE", "Esist_prog": "E"}, "geometry": {"type": "LineString", "coordinates": [[11.12265352859383, 46.058616558650336], [11.12221003710885, 46.05971796115168], [11.122096569484949, 46.06002229321107], [11.122057781624559, 46.06007634738907], [11.121986069598321, 46.060250836152264], [11.121940160057605, 46.06031231150426]]}}, {"type": "Feature", "properties": {"descrizione": "Passerella ciclopedonale sul fiume Adige quartiere Albere", "tipologia": "Ciclopedonale", "tratto isolato ciclabile": null, "tratto isolato ciclopedonale": null, "anno": 2017, "gestione": null, "itinerario": "8", "Tipo CdS": "2.1 PRO PED", "Ordinanza": null, "Monodirezionale": null, "intervento 2026": "NESSUNO", "Esist_prog": "E"}, "geometry": {"type": "LineString", "coordinates": [[11.110640526763515, 46.05937970513242], [11.112164912218693, 46.05946891484383]]}}, {"type": "Feature", "properties": {"descrizione": "Pista ciclabile - via A. Degasperi: fronte ingresso palazzo Stella", "tipologia": "Ciclabile", "tratto isolato ciclabile": null, "tratto isolato ciclopedonale": null, "anno": null, "gestione": null, "itinerario": "3", "Tipo CdS": "1.3 PCCR marc", "Ordinanza": null, "Monodirezionale": null, "intervento 2026": "NESSUNO", "Esist_prog": "E"}, "geometry": {"type": "LineString", "coordinates": [[11.129657037464797, 46.04302308514355], [11.129429397010142, 46.04324133124604]]}}, {"type": "Feature", "properties": {"descrizione": "Pista ciclabile - via V. Veneto: tratto tra via Bezzi e rotatoria via Mattioli", "tipologia": "Ciclopedonale", "tratto isolato ciclabile": null, "tratto isolato ciclopedonale": null, "anno": null, "gestione": null, "itinerario": "0", "Tipo CdS": "2.1 PRO PED", "Ordinanza": null, "Monodirezionale": null, "intervento 2026": null, "Esist_prog": "E"}, "geometry": {"type": "LineString", "coordinates": [[11.121380971832204, 46.058327014449006], [11.122423732941751, 46.05853841825329], [11.122461488101026, 46.058524591157465], [11.122517847185605, 46.058527232584936]]}}, {"type": "Feature", "properties": {"descrizione": "Pista ciclabile argine dx fiume Adige da area ex Michelin al ponte di Ravina", "tipologia": "Ciclopedonale", "tratto isolato ciclabile": null, "tratto isolato ciclopedonale": null, "anno": 2017, "gestione": null, "itinerario": "1", "Tipo CdS": "2.1 PRO PED", "Ordinanza": null, "Monodirezionale": null, "intervento 2026": null, "Esist_prog": "E"}, "geometry": {"type": "LineString", "coordinates": [[11.11367624974337, 46.045667186810164], [11.112950936604332, 46.04638646792906], [11.112370962282311, 46.046890250440015], [11.111427619251062, 46.04777306184862], [11.110995401038826, 46.0482733572449], [11.11070439149613, 46.0486613059452], [11.11044675300803, 46.04908631875016], [11.11024135483407, 46.049540401682926], [11.110061325788596, 46.05003430717042], [11.109973740207495, 46.050425598081226], [11.109907721511119, 46.05085291831519], [11.109800339810116, 46.052299310679324], [11.109807447874822, 46.05265472219269], [11.109831326048731, 46.05308910143325], [11.109972439556499, 46.053449839635995], [11.110077838499903, 46.05428012620427], [11.110032826763454, 46.05450670729673], [11.110061348179645, 46.054650904337464], [11.110166928591278, 46.05502443705256], [11.110236089983616, 46.055416072883425], [11.110343261989472, 46.05606969162272], [11.110428287162486, 46.05676695467363], [11.110440523695262, 46.0568841755857], [11.11042316832928, 46.05701121526244], [11.110430368983069, 46.05717102644705], [11.110453554876582, 46.0574881684965], [11.110560463301086, 46.05831295815361], [11.110640526763515, 46.05937970513242]]}}, {"type": "Feature", "properties": {"descrizione": "Percorso ciclabile - viale Verona (dal civ.156 viale Verona all'intersezione via Einaudi)", "tipologia": "Ciclabile", "tratto isolato ciclabile": null, "tratto isolato ciclopedonale": null, "anno": null, "gestione": null, "itinerario": "4", "Tipo CdS": "1.3 PCCR marc", "Ordinanza": null, "Monodirezionale": null, "intervento 2026": "REVISIONE CON MANUTENZIONE", "Esist_prog": "E"}, "geometry": {"type": "LineString", "coordinates": [[11.129875129975309, 46.052849261903525], [11.129894756635883, 46.052829987863866], [11.129902015124976, 46.05254781408989], [11.12987028620436, 46.05251208960782], [11.129862911210083, 46.05234255394136], [11.129886853164507, 46.05219803423846], [11.1299334533586, 46.052042375898985], [11.130043838164019, 46.05172723332366]]}}, {"type": "Feature", "properties": {"descrizione": "Pista ciclabile via Esterle: tratto tra via Borsieri e via del Travai", "tipologia": "Ciclabile", "tratto isolato ciclabile": null, "tratto isolato ciclopedonale": null, "anno": null, "gestione": null, "itinerario": "11", "Tipo CdS": "1.3 PCCR marc", "Ordinanza": null, "Monodirezionale": null, "intervento 2026": "PROGETTAZIONE", "Esist_prog": "E"}, "geometry": {"type": "LineString", "coordinates": [[11.121422028052397, 46.064596095796084], [11.121441663085491, 46.06471156403617], [11.12102657230095, 46.0647799529021], [11.121046031364848, 46.065430025369665]]}}, {"type": "Feature", "properties": {"descrizione": "Pista ciclabile via 24 Maggio", "tipologia": "Ciclopedonale", "tratto isolato ciclabile": null, "tratto isolato ciclopedonale": null, "anno": null, "gestione": null, "itinerario": "11", "Tipo CdS": "2.1 PRO PED", "Ordinanza": null, "Monodirezionale": null, "intervento 2026": "PROGETTAZIONE", "Esist_prog": "E"}, "geometry": {"type": "LineString", "coordinates": [[11.121561758829268, 46.063787569967104], [11.121422028052397, 46.064596095796084]]}}, {"type": "Feature", "properties": {"descrizione": "Pista ciclabile - via Mons. C. Endrici", "tipologia": "Ciclabile", "tratto isolato ciclabile": null, "tratto isolato ciclopedonale": null, "anno": null, "gestione": null, "itinerario": "11", "Tipo CdS": "1.3 PCCR marc", "Ordinanza": null, "Monodirezionale": null, "intervento 2026": "MANUTENZIONE", "Esist_prog": "E"}, "geometry": {"type": "LineString", "coordinates": [[11.121940160057605, 46.06031231150426], [11.121914662522341, 46.0603799855489], [11.121932512875897, 46.06040596530755], [11.121769644626673, 46.060802052202405], [11.121700270358843, 46.06084299270991], [11.12166733950141, 46.06111655431486], [11.12171239132727, 46.0611843992648], [11.12159185277393, 46.062063797196195], [11.121561536065531, 46.06260650919573], [11.121567442902974, 46.06277483551458], [11.121593221455063, 46.06293451285434], [11.121677673581209, 46.0633943037083], [11.121621646189835, 46.063691642414575], [11.121561758829268, 46.063787569967104]]}}, {"type": "Feature", "properties": {"descrizione": "Pista ciclabile - rotatoria via Vittorio Veneto", "tipologia": "Ciclabile", "tratto isolato ciclabile": null, "tratto isolato ciclopedonale": null, "anno": null, "gestione": null, "itinerario": "0", "Tipo CdS": "1.3 PCCR marc", "Ordinanza": null, "Monodirezionale": null, "intervento 2026": null, "Esist_prog": "E"}, "geometry": {"type": "LineString", "coordinates": [[11.118666808753314, 46.05736940052671], [11.118548858248204, 46.05731866866124], [11.11836684700538, 46.05730333167276], [11.118214670881303, 46.05732505523455], [11.118179614804948, 46.05740621071056], [11.11808620161254, 46.05746735320275], [11.118099051754399, 46.05756301453975], [11.118102650812213, 46.05762773961453], [11.118184041804781, 46.057680037138425], [11.118267061196057, 46.05788291493121], [11.118440024856804, 46.05785491444382], [11.118494484421884, 46.05772872424241], [11.118529301159741, 46.05771198337091], [11.118915581141906, 46.057790571257236]]}}, {"type": "Feature", "properties": {"descrizione": "Percorso ciclabile - via Santa Croce: tratto compreso tra l'ingresso al centro Santa Chiara e la chiesa di San Michele", "tipologia": "Ciclopedonale", "tratto isolato ciclabile": null, "tratto isolato ciclopedonale": null, "anno": null, "gestione": null, "itinerario": "4", "Tipo CdS": "2.1 PRO PED", "Ordinanza": null, "Monodirezionale": null, "intervento 2026": "MANUTENZIONE", "Esist_prog": "E"}, "geometry": {"type": "LineString", "coordinates": [[11.123848369718573, 46.06332076623135], [11.123884651226623, 46.06319330507387], [11.123874553194778, 46.063071101516215], [11.123848165109825, 46.06294731784536], [11.123845277767979, 46.062872053806146], [11.123907710231197, 46.06276469272823]]}}, {"type": "Feature", "properties": {"descrizione": "Percorso ciclopedonale - via Paradisi", "tipologia": "Ciclopedonale", "tratto isolato ciclabile": null, "tratto isolato ciclopedonale": 120, "anno": null, "gestione": null, "itinerario": "8", "Tipo CdS": "2.1 PRO PED", "Ordinanza": null, "Monodirezionale": null, "intervento 2026": "REVISIONE CON MANUTENZIONE", "Esist_prog": "E"}, "geometry": {"type": "LineString", "coordinates": [[11.12767674839855, 46.06704401662027], [11.127096418280253, 46.06597105640776]]}}, {"type": "Feature", "properties": {"descrizione": "Percorso ciclabile - via Santa Croce: tratto in prossimit\u00e0 dell'ingresso al centro santa chiara", "tipologia": "Ciclabile", "tratto isolato ciclabile": null, "tratto isolato ciclopedonale": null, "anno": null, "gestione": null, "itinerario": "4", "Tipo CdS": "1.1 PCSP", "Ordinanza": null, "Monodirezionale": null, "intervento 2026": "MANUTENZIONE", "Esist_prog": "E"}, "geometry": {"type": "LineString", "coordinates": [[11.123848369718573, 46.06332076623135], [11.123839173188658, 46.06335257977066], [11.123819238528304, 46.063376023063796], [11.123778799214076, 46.06338336701487], [11.123701074102575, 46.06338151574588], [11.12353297648129, 46.063362681465506]]}}, {"type": "Feature", "properties": {"descrizione": "Pista ciclabile Piedicastello: tratto dall'ingresso della Motorizzazione civile alla passerella pedonale sul fiume Adige", "tipologia": "Ciclopedonale", "tratto isolato ciclabile": null, "tratto isolato ciclopedonale": null, "anno": 2023, "gestione": null, "itinerario": "1", "Tipo CdS": "2.1 PRO PED", "Ordinanza": null, "Monodirezionale": null, "intervento 2026": null, "Esist_prog": "E"}, "geometry": {"type": "LineString", "coordinates": [[11.112948996030664, 46.06732303334369], [11.11294601802031, 46.06725520328094], [11.112775232174561, 46.066903189529754], [11.112629062722737, 46.066570492302844], [11.112216897307064, 46.0657987874362], [11.111974206489272, 46.06534518705031], [11.111546230696025, 46.06429095300366], [11.111413922296482, 46.0638587251235], [11.111168772666305, 46.06297638195018], [11.110970078490848, 46.06199152232635], [11.11097689365415, 46.06177405975705], [11.110866908608909, 46.06113459824004], [11.110775804131016, 46.06072614613856], [11.110649265684719, 46.05965231672902], [11.110640526763515, 46.05937970513242]]}}, {"type": "Feature", "properties": {"descrizione": "Percorso ciclopedonale - Via Fogazzaro, Gocciadoro e Cosina Sartori", "tipologia": "Ciclopedonale", "tratto isolato ciclabile": null, "tratto isolato ciclopedonale": null, "anno": 2016, "gestione": null, "itinerario": "0", "Tipo CdS": "2.1 PRO PED", "Ordinanza": null, "Monodirezionale": null, "intervento 2026": null, "Esist_prog": "E"}, "geometry": {"type": "LineString", "coordinates": [[11.129057598772114, 46.05588356435613], [11.13102759746411, 46.05625558882971], [11.13105998279124, 46.056257235009056], [11.131090041789154, 46.056254424035956], [11.131125224293251, 46.05624476667518], [11.131151736083693, 46.056233770869255], [11.131189773420493, 46.05621430906902], [11.131249871734699, 46.05618018400801], [11.13127725815178, 46.05616392122921], [11.131429380961036, 46.05625334426507], [11.131556103825417, 46.05615871895771], [11.133152960109241, 46.05518380111818]]}}, {"type": "Feature", "properties": {"descrizione": "Percorso ciclopedonale all'interno dell'area verde in via San Bartolameo tra i civ. 4/a \ufffd 4/2", "tipologia": "Ciclopedonale", "tratto isolato ciclabile": null, "tratto isolato ciclopedonale": 100, "anno": 2017, "gestione": null, "itinerario": "0", "Tipo CdS": "2.1 PRO PED", "Ordinanza": null, "Monodirezionale": null, "intervento 2026": null, "Esist_prog": "E"}, "geometry": {"type": "LineString", "coordinates": [[11.134065693823075, 46.052919596173844], [11.134027673819668, 46.052878450173594], [11.133953401873283, 46.0524638122518], [11.13397132626899, 46.052408937546524], [11.134014687344624, 46.05235231933126], [11.134025525421801, 46.05230265046281], [11.133999369564421, 46.052238452178294], [11.133934893373693, 46.05219621485831], [11.133863653931998, 46.05219120364174]]}}, {"type": "Feature", "properties": {"descrizione": "Pista ciclabile via del Maso Smalz: tratto tra il passo carraio ovest del civ.17 e l'intersezione con via R. Sanseverino", "tipologia": "Strada ciclabile urbana", "tratto isolato ciclabile": null, "tratto isolato ciclopedonale": null, "anno": 2023, "gestione": null, "itinerario": "6", "Tipo CdS": "3.2 SUC E-bis", "Ordinanza": null, "Monodirezionale": null, "intervento 2026": null, "Esist_prog": "E"}, "geometry": {"type": "LineString", "coordinates": [[11.112275587265403, 46.05300886149879], [11.11225896767987, 46.0528334959761], [11.112303579056764, 46.05273236037551], [11.112558299372564, 46.05248233179127], [11.1126352855955, 46.0524264221203], [11.112698415004424, 46.05240307866853]]}}, {"type": "Feature", "properties": {"descrizione": "Percorso ciclopedonale - via Grazioli (tra via Paradisi e Largo Porta Nuova)", "tipologia": "Ciclopedonale", "tratto isolato ciclabile": null, "tratto isolato ciclopedonale": 80, "anno": null, "gestione": null, "itinerario": "15", "Tipo CdS": "2.1 PRO PED", "Ordinanza": null, "Monodirezionale": null, "intervento 2026": "REVISIONE CON MANUTENZIONE", "Esist_prog": "E"}, "geometry": {"type": "LineString", "coordinates": [[11.12767674839855, 46.06704401662027], [11.126780653908202, 46.06726298333247]]}}, {"type": "Feature", "properties": {"descrizione": "Pista ciclopedonale - via Prato", "tipologia": "Ciclopedonale", "tratto isolato ciclabile": null, "tratto isolato ciclopedonale": null, "anno": null, "gestione": null, "itinerario": "8", "Tipo CdS": "2.1 PRO PED", "Ordinanza": null, "Monodirezionale": null, "intervento 2026": "MANUTENZIONE", "Esist_prog": "E"}, "geometry": {"type": "LineString", "coordinates": [[11.126420619909835, 46.06163633562469], [11.125802081850221, 46.06228950212577]]}}, {"type": "Feature", "properties": {"descrizione": "Percorso ciclopedonale - via Pilati / via Brigata Acqui", "tipologia": "Ciclopedonale", "tratto isolato ciclabile": null, "tratto isolato ciclopedonale": 187, "anno": 2020, "gestione": null, "itinerario": "8", "Tipo CdS": "2.1 PRO PED", "Ordinanza": "715/2020", "Monodirezionale": null, "intervento 2026": "REVISIONE CON MANUTENZIONE", "Esist_prog": "E"}, "geometry": {"type": "LineString", "coordinates": [[11.127096418280253, 46.06597105640776], [11.128413466278792, 46.06562414921664], [11.128088697275228, 46.06505150410773]]}}, {"type": "Feature", "properties": {"descrizione": "Percorso ciclabile su via Gramsci", "tipologia": "Ciclabile", "tratto isolato ciclabile": null, "tratto isolato ciclopedonale": 265, "anno": 2017, "gestione": null, "itinerario": "0", "Tipo CdS": "1.3 PCCR marc", "Ordinanza": null, "Monodirezionale": null, "intervento 2026": null, "Esist_prog": "E"}, "geometry": {"type": "LineString", "coordinates": [[11.125869190945409, 46.05351564596611], [11.125974926419875, 46.053522098807456], [11.12586242147312, 46.054758530376155]]}}, {"type": "Feature", "properties": {"descrizione": "Percorso ciclopedonale in via dei Mille, dall'intersezione con via Piave al num. Civ.10 (lato ovest)", "tipologia": "Ciclopedonale", "tratto isolato ciclabile": null, "tratto isolato ciclopedonale": null, "anno": 2020, "gestione": null, "itinerario": "8", "Tipo CdS": "2.1 PRO PED", "Ordinanza": "715/2020", "Monodirezionale": null, "intervento 2026": "REVISIONE CON MANUTENZIONE", "Esist_prog": "E"}, "geometry": {"type": "LineString", "coordinates": [[11.127505710855045, 46.062967977528764], [11.12738823517999, 46.062912725397375], [11.12731422229699, 46.06298963703553], [11.127251681230945, 46.06303735209489], [11.127153617084899, 46.063049539098536], [11.12709409395105, 46.063054922826126], [11.127061029143206, 46.06303758139226], [11.12684984491446, 46.06284826106024], [11.126495681234452, 46.06261820553498], [11.12621605720853, 46.06246585819863], [11.125888840679387, 46.06233363547093], [11.125888632667474, 46.06229622883224], [11.125821898015571, 46.06226857685116]]}}, {"type": "Feature", "properties": {"descrizione": "Percorso ciclopedonale in via Brigata Acqui nel tratto compreso tra via S. Bernardino (lato est) e via Barbacovi", "tipologia": "Ciclopedonale", "tratto isolato ciclabile": null, "tratto isolato ciclopedonale": null, "anno": 2020, "gestione": null, "itinerario": "8", "Tipo CdS": "2.1 PRO PED", "Ordinanza": "715/2020", "Monodirezionale": null, "intervento 2026": "REVISIONE CON MANUTENZIONE", "Esist_prog": "E"}, "geometry": {"type": "LineString", "coordinates": [[11.128088697275228, 46.06505150410773], [11.128230864563706, 46.065015366267744], [11.128197236329123, 46.064952578738406], [11.127878712366945, 46.064371658510645]]}}, {"type": "Feature", "properties": {"descrizione": "Percorso ciclopedonale in via Piave, dall'intersezionecon via S. Bernardino all'intersezione con via Abba", "tipologia": "Ciclopedonale", "tratto isolato ciclabile": null, "tratto isolato ciclopedonale": null, "anno": 2020, "gestione": null, "itinerario": "8", "Tipo CdS": "2.1 PRO PED", "Ordinanza": null, "Monodirezionale": null, "intervento 2026": "REVISIONE CON MANUTENZIONE", "Esist_prog": "E"}, "geometry": {"type": "LineString", "coordinates": [[11.127878712366945, 46.064371658510645], [11.127287833910323, 46.06330570697179], [11.127304073138498, 46.063264787474886], [11.127337015010445, 46.063226977353644], [11.12736888969312, 46.063161396433145], [11.127367323720993, 46.063136627771726]]}}, {"type": "Feature", "properties": {"descrizione": "Pista ciclabile in via Barbacovi (lato nord) da intersezione via Brigata Acqui al civ.7 di via Barbacov", "tipologia": "Ciclabile", "tratto isolato ciclabile": null, "tratto isolato ciclopedonale": null, "anno": 2020, "gestione": null, "itinerario": "14", "Tipo CdS": "1.3 PCCR marc", "Ordinanza": "860/2020", "Monodirezionale": null, "intervento 2026": null, "Esist_prog": "E"}, "geometry": {"type": "LineString", "coordinates": [[11.128197236329123, 46.064952578738406], [11.130303391696158, 46.06440678255788]]}}, {"type": "Feature", "properties": {"descrizione": "Percorso ciclopedonale via R. da Sanseverino: dall'intersezione con Lungadige Monte Grappa al sovrapasso della tangenziale ovest", "tipologia": "Ciclopedonale", "tratto isolato ciclabile": null, "tratto isolato ciclopedonale": null, "anno": null, "gestione": null, "itinerario": "6", "Tipo CdS": "2.1 PRO PED", "Ordinanza": null, "Monodirezionale": null, "intervento 2026": null, "Esist_prog": "E"}, "geometry": {"type": "LineString", "coordinates": [[11.114725275818179, 46.067933720815866], [11.115065631781544, 46.06787069299585], [11.11508218971182, 46.06781307789967], [11.115070277136388, 46.06777409117947], [11.115029140126941, 46.06768143344903], [11.114870221896581, 46.06739234219951], [11.114515225336191, 46.06671013165283], [11.114239988192121, 46.06618318994969], [11.113972812116781, 46.065691320177486], [11.113764181037245, 46.06525934257724], [11.113534466766481, 46.06481958855198], [11.113410843928648, 46.0644233679462], [11.113241879164878, 46.06400151386429], [11.113129398892154, 46.06363247280995], [11.113030625926783, 46.063289745822836], [11.11290333381714, 46.06284669498588], [11.112786407088832, 46.06236515700465], [11.112729260352062, 46.062271843435646], [11.112755623652205, 46.06215855295103], [11.112684823698952, 46.06166885401807], [11.112641540775499, 46.06123190902525], [11.11262347131581, 46.061000298148926], [11.11261275167811, 46.060745621128056], [11.112563511890748, 46.060048455588266], [11.11253147665503, 46.059489976191266], [11.11248287624025, 46.05880261985348], [11.112427159794187, 46.05800436399744], [11.112397355961638, 46.05754459869542], [11.112363922457197, 46.057051146111235], [11.112333598278891, 46.05652200755266], [11.112106804457502, 46.05343946323447], [11.112039866622291, 46.053139716363845]]}}, {"type": "Feature", "properties": {"descrizione": "Pista ciclabile - viale Verona", "tipologia": "Ciclabile", "tratto isolato ciclabile": null, "tratto isolato ciclopedonale": null, "anno": null, "gestione": null, "itinerario": "4", "Tipo CdS": "1.3 PCCR marc", "Ordinanza": null, "Monodirezionale": null, "intervento 2026": "REVISIONE CON MANUTENZIONE", "Esist_prog": "E"}, "geometry": {"type": "LineString", "coordinates": [[11.1287003234848, 46.05600736815138], [11.127930191039718, 46.05748221620411], [11.127504012813517, 46.05831507890351], [11.127232694205038, 46.05860096228682], [11.12717800376019, 46.058614531448264], [11.127132640489924, 46.05866557948131], [11.127146345731559, 46.05868891853332], [11.126956137352453, 46.058851495139834]]}}, {"type": "Feature", "properties": {"descrizione": "Pista ciclabile Piedicastello: tratto tra il ponte di San Lorenzo e l'ingresso della Motorizazzione Civile", "tipologia": "Ciclabile", "tratto isolato ciclabile": null, "tratto isolato ciclopedonale": null, "anno": 2023, "gestione": null, "itinerario": "1", "Tipo CdS": "1.1 PCSP", "Ordinanza": null, "Monodirezionale": null, "intervento 2026": null, "Esist_prog": "E"}, "geometry": {"type": "LineString", "coordinates": [[11.113642633066336, 46.069293424462096], [11.113100509165204, 46.06813694972946], [11.1130447092224, 46.068100120647195], [11.112752658268992, 46.06744203680594], [11.112985046610156, 46.06738205040722]]}}, {"type": "Feature", "properties": {"descrizione": "Pista ciclabile - corso 3 Novembre", "tipologia": "Ciclabile", "tratto isolato ciclabile": null, "tratto isolato ciclopedonale": null, "anno": null, "gestione": null, "itinerario": "0", "Tipo CdS": "1.3 PCCR marc", "Ordinanza": null, "Monodirezionale": null, "intervento 2026": null, "Esist_prog": "E"}, "geometry": {"type": "LineString", "coordinates": [[11.12614859381406, 46.059829554474106], [11.125985633120091, 46.05975257541803], [11.125965458038744, 46.05967918641399], [11.126083804759116, 46.059651218813734], [11.126211372125512, 46.05953824147522], [11.126296117501372, 46.059455498767484], [11.12647954575321, 46.059279142379204], [11.126565122621525, 46.0591994932516], [11.126709005118641, 46.05905631840381], [11.126956137376004, 46.058851496224904]]}}, {"type": "Feature", "properties": {"descrizione": "Pista ciclabile - via San Pio X", "tipologia": "Ciclabile", "tratto isolato ciclabile": null, "tratto isolato ciclopedonale": null, "anno": null, "gestione": null, "itinerario": "3", "Tipo CdS": "1.3 PCCR marc", "Ordinanza": null, "Monodirezionale": null, "intervento 2026": "NESSUNO", "Esist_prog": "E"}, "geometry": {"type": "LineString", "coordinates": [[11.120740739445973, 46.05287661330756], [11.120712031858044, 46.05308301410128], [11.120858273650871, 46.05317491650133], [11.120858242347163, 46.05323485704054], [11.120837222542024, 46.05337059015975], [11.120776650466222, 46.05357131787199], [11.120706585768326, 46.053848261094394], [11.120659609703173, 46.05409002743042], [11.120596600616249, 46.054314315431164], [11.120563599284313, 46.05441051709803], [11.120499644158233, 46.05479654538606], [11.120347729392114, 46.0552130292445], [11.12027712418221, 46.055483473319626], [11.120213202783432, 46.05573907824628], [11.120189241700382, 46.055848574975], [11.120239720043847, 46.05589245136228], [11.120217767746256, 46.05595029081659], [11.120157823361188, 46.05598084730806], [11.120112094574797, 46.056084741294185], [11.120015822880665, 46.05627705812746], [11.119746672316134, 46.0565896658848], [11.119686666815682, 46.05665947382315], [11.119355030543868, 46.05687991899465], [11.119215523565448, 46.056931759599564], [11.118863790326717, 46.05717849860576], [11.118666808753314, 46.057369400526746]]}}, {"type": "Feature", "properties": {"descrizione": "Pista ciclabile contigua al marciapiede tra le vie Gocciadoro e Crosina Sartori (lungo le arcate della ferrovia \"Trento-Bassano\" e la strada d'accesso al parco Gocciadoro)", "tipologia": "Ciclabile", "tratto isolato ciclabile": null, "tratto isolato ciclopedonale": null, "anno": 2021, "gestione": null, "itinerario": "0", "Tipo CdS": "1.3 PCCR marc", "Ordinanza": "273/2021", "Monodirezionale": null, "intervento 2026": null, "Esist_prog": "E"}, "geometry": {"type": "LineString", "coordinates": [[11.13408977118463, 46.054845260107584], [11.134319477595026, 46.05480913394108], [11.134526557241655, 46.054763105188265], [11.134695088561273, 46.05471091309707], [11.134899905049018, 46.05463825335023], [11.135084663830378, 46.05455822442822], [11.135226232877107, 46.054479862830966], [11.13527456898887, 46.05445142641458], [11.135293880213236, 46.05443944999164], [11.13573233004706, 46.05475304637179], [11.135825671327972, 46.05480206536958]]}}, {"type": "Feature", "properties": {"descrizione": "Pista ciclopedonale - via Prato", "tipologia": "Ciclopedonale", "tratto isolato ciclabile": null, "tratto isolato ciclopedonale": null, "anno": null, "gestione": null, "itinerario": "0", "Tipo CdS": "2.1 PRO PED", "Ordinanza": null, "Monodirezionale": null, "intervento 2026": null, "Esist_prog": "E"}, "geometry": {"type": "LineString", "coordinates": [[11.128177766168447, 46.05981379840963], [11.127927910386786, 46.06007004847403], [11.12746765215438, 46.06055319941165], [11.126514492589283, 46.0615392280922], [11.126420619909835, 46.06163633562469]]}}, {"type": "Feature", "properties": {"descrizione": "Pista ciclopedonale - via Piave (da corso III Novembre a via dei Mille)", "tipologia": "Ciclopedonale", "tratto isolato ciclabile": null, "tratto isolato ciclopedonale": null, "anno": 2020, "gestione": null, "itinerario": "0", "Tipo CdS": "2.1 PRO PED", "Ordinanza": "715/2020", "Monodirezionale": null, "intervento 2026": "REVISIONE CON MANUTENZIONE", "Esist_prog": "E"}, "geometry": {"type": "LineString", "coordinates": [[11.124167816765395, 46.06185114718771], [11.125737005283566, 46.06229819509547], [11.125802081850221, 46.06228950212577]]}}, {"type": "Feature", "properties": {"descrizione": "Pista ciclabile - via V. Veneto: tratto tra via Mattioli e via Lorenzoni", "tipologia": "Ciclabile", "tratto isolato ciclabile": null, "tratto isolato ciclopedonale": null, "anno": null, "gestione": null, "itinerario": "11", "Tipo CdS": "1.3 PCCR marc", "Ordinanza": null, "Monodirezionale": null, "intervento 2026": "MANUTENZIONE", "Esist_prog": "E"}, "geometry": {"type": "LineString", "coordinates": [[11.122517847185605, 46.058527232584936], [11.122565361910826, 46.058413771701844], [11.122575949811392, 46.05839261406781], [11.122594121628559, 46.058381092830054], [11.122626313981362, 46.05838149923759], [11.122720102689147, 46.058400315778606], [11.122750513844695, 46.05839064310777], [11.122769563872202, 46.058349338335425], [11.122848326858332, 46.05836639143962]]}}, {"type": "Feature", "properties": {"descrizione": "Percorso ciclopedonale via R. da Sanseverino: dal sovrapasso della tangenziale ovest al civ.129", "tipologia": "Ciclopedonale", "tratto isolato ciclabile": null, "tratto isolato ciclopedonale": null, "anno": null, "gestione": null, "itinerario": "0", "Tipo CdS": "2.1 PRO PED", "Ordinanza": null, "Monodirezionale": null, "intervento 2026": null, "Esist_prog": "E"}, "geometry": {"type": "LineString", "coordinates": [[11.112039866622291, 46.053139716363845], [11.111966712374915, 46.052790830517594], [11.111752323068245, 46.051972014783985], [11.111671425299804, 46.05162782178451], [11.111627807240977, 46.05112871697835], [11.111703428588683, 46.050466622081785], [11.11176263975842, 46.05025054639949]]}}, {"type": "Feature", "properties": {"descrizione": "Corsia ciclabile in del Maso Smalz: tratto tra via Ghiaie e il civ.11 (dir.est-ovest)", "tipologia": "Corsia ciclabile", "tratto isolato ciclabile": null, "tratto isolato ciclopedonale": null, "anno": 2023, "gestione": "", "itinerario": "6", "Tipo CdS": "3.4 CC 12-bis", "Ordinanza": null, "Monodirezionale": "Mono", "intervento 2026": null, "Esist_prog": "E"}, "geometry": {"type": "LineString", "coordinates": [[11.116623220252254, 46.05335266247819], [11.116176418009921, 46.05327014848252], [11.115885760506881, 46.053193622699936], [11.115399257444693, 46.05304850533393], [11.114586796445696, 46.05280615268734]]}}, {"type": "Feature", "properties": {"descrizione": "Pista ciclabile centrale sul ponte delle Dame di Sion", "tipologia": "Ciclabile", "tratto isolato ciclabile": null, "tratto isolato ciclopedonale": null, "anno": 2023, "gestione": null, "itinerario": "15", "Tipo CdS": "1.3 PCCR marc", "Ordinanza": "1567/2023", "Monodirezionale": null, "intervento 2026": "NESSUNO", "Esist_prog": "E"}, "geometry": {"type": "LineString", "coordinates": [[11.13581182866366, 46.06491512508023], [11.136043582539811, 46.064749674225695]]}}, {"type": "Feature", "properties": {"descrizione": "Percorso ciclopedonale - viale Verona: tratto antistante civ.64", "tipologia": "Ciclopedonale", "tratto isolato ciclabile": null, "tratto isolato ciclopedonale": null, "anno": null, "gestione": null, "itinerario": "0", "Tipo CdS": "2.1 PRO PED", "Ordinanza": null, "Monodirezionale": null, "intervento 2026": null, "Esist_prog": "E"}, "geometry": {"type": "LineString", "coordinates": [[11.1287003234848, 46.05600736815138], [11.1288416988862, 46.05572662727402]]}}, {"type": "Feature", "properties": {"descrizione": "Percorso ciclabile da via Bezzi a via San Pio X", "tipologia": "Ciclabile", "tratto isolato ciclabile": null, "tratto isolato ciclopedonale": null, "anno": null, "gestione": null, "itinerario": "3", "Tipo CdS": "1.3 PCCR marc", "Ordinanza": null, "Monodirezionale": null, "intervento 2026": "NESSUNO", "Esist_prog": "E"}, "geometry": {"type": "LineString", "coordinates": [[11.118666808753314, 46.057369400526746], [11.118632724631201, 46.05743250378092], [11.118620460150543, 46.0574850082327], [11.11863695343417, 46.057543027969466], [11.118679931170467, 46.05759580410103], [11.118754231317677, 46.057623805011], [11.118967971201641, 46.05766297401781], [11.118915581141906, 46.057790571257236], [11.1193168294023, 46.05786794871272]]}}, {"type": "Feature", "properties": {"descrizione": "Pista ciclabile - via del Brennero (tratto dal passo carraio del civ.79 all'ingresso dello scalo ex Filzi)", "tipologia": "Ciclabile", "tratto isolato ciclabile": null, "tratto isolato ciclopedonale": null, "anno": null, "gestione": null, "itinerario": "4", "Tipo CdS": "1.3 PCCR marc", "Ordinanza": null, "Monodirezionale": null, "intervento 2026": "MANUTENZIONE", "Esist_prog": "E"}, "geometry": {"type": "LineString", "coordinates": [[11.120254355770678, 46.08304574662919], [11.121967957438574, 46.08005300769761]]}}, {"type": "Feature", "properties": {"descrizione": "Pista ciclabile - via E. Maccani: da rotatoria Caduti di Nassiriya a civ.36/5", "tipologia": "Ciclabile", "tratto isolato ciclabile": null, "tratto isolato ciclopedonale": null, "anno": null, "gestione": null, "itinerario": "5", "Tipo CdS": "1.3 PCCR marc", "Ordinanza": null, "Monodirezionale": null, "intervento 2026": "MANUTENZIONE", "Esist_prog": "E"}, "geometry": {"type": "LineString", "coordinates": [[11.115907873263131, 46.081700404873374], [11.115333971070084, 46.08237979063453], [11.115043009891066, 46.08274354577722], [11.114747996117218, 46.08309954197704], [11.114620669395922, 46.08325334032953], [11.114577160182833, 46.083391226409695], [11.114617888195534, 46.083573246988145], [11.114727786342682, 46.08387148507804], [11.114773635583067, 46.08396659296955], [11.114850423571868, 46.084063339811]]}}, {"type": "Feature", "properties": {"descrizione": "Percorso ciclopedonale - corso Buonarroti (tratto tra civ.46-72)", "tipologia": "Ciclopedonale", "tratto isolato ciclabile": null, "tratto isolato ciclopedonale": null, "anno": 2020, "gestione": null, "itinerario": "5", "Tipo CdS": "2.1 PRO PED", "Ordinanza": null, "Monodirezionale": null, "intervento 2026": "MANUTENZIONE", "Esist_prog": "E"}, "geometry": {"type": "LineString", "coordinates": [[11.117851141378614, 46.073022671373536], [11.117138616446171, 46.0713995813081]]}}, {"type": "Feature", "properties": {"descrizione": "Percorso pedonale e ciclabile in viale Bolognini: tratto compreso tra il civ. 20 di viale Bolognini e via Adamello", "tipologia": "Ciclopedonale", "tratto isolato ciclabile": null, "tratto isolato ciclopedonale": null, "anno": 2023, "gestione": null, "itinerario": "7", "Tipo CdS": "2.1 PRO PED", "Ordinanza": "1567/2023", "Monodirezionale": null, "intervento 2026": "MANUTENZIONE", "Esist_prog": "E"}, "geometry": {"type": "LineString", "coordinates": [[11.129363877311668, 46.060191648474515], [11.130290728526962, 46.06081688263539]]}}, {"type": "Feature", "properties": {"descrizione": "Corsia ciclabile monodirezionale E-O lato nord viale Bolognini: tratto tra via Bolghera e viale Verona", "tipologia": "Corsia ciclabile", "tratto isolato ciclabile": null, "tratto isolato ciclopedonale": null, "anno": 2023, "gestione": null, "itinerario": "7", "Tipo CdS": "3.4 CC 12-bis", "Ordinanza": "1567/2023", "Monodirezionale": "Mono", "intervento 2026": "MANUTENZIONE", "Esist_prog": "E"}, "geometry": {"type": "LineString", "coordinates": [[11.128091111859511, 46.05931871549561], [11.127274468698792, 46.05875977916708]]}}, {"type": "Feature", "properties": {"descrizione": "Percorso ciclopedonale in via Matteotti (lato nord) nel tratto compreso tra via Lorenzoni e via Buccella", "tipologia": "Ciclopedonale", "tratto isolato ciclabile": null, "tratto isolato ciclopedonale": null, "anno": 2020, "gestione": null, "itinerario": "11", "Tipo CdS": "2.1 PRO PED", "Ordinanza": "964/2020", "Monodirezionale": null, "intervento 2026": "MANUTENZIONE", "Esist_prog": "E"}, "geometry": {"type": "LineString", "coordinates": [[11.123656142354987, 46.05670305176348], [11.123827013482842, 46.05678959012201], [11.124122561680752, 46.05700365709284]]}}, {"type": "Feature", "properties": {"descrizione": "Percorso ciclopedonale - lungo Adige (tratto tra ponte S.Giorgio al ponte di Ravina)", "tipologia": "Ciclovia PAT_Itinerario Eurovelo-Bicitalia", "tratto isolato ciclabile": null, "tratto isolato ciclopedonale": null, "anno": null, "gestione": "COMUNE", "itinerario": "1", "Tipo CdS": "2.1 PRO PED", "Ordinanza": null, "Monodirezionale": null, "intervento 2026": null, "Esist_prog": "E"}, "geometry": {"type": "LineString", "coordinates": [[11.115968747290593, 46.0773707748777], [11.116084095374513, 46.07715538081363], [11.116205778086611, 46.0769278853765], [11.116373427835219, 46.07658269154741], [11.11650534596001, 46.076237997942826], [11.116580292495835, 46.076047788351104], [11.116718271365166, 46.075669503863246], [11.116784305826314, 46.075416711792556], [11.116848660874709, 46.075125489466195], [11.116919247026527, 46.07471685395517], [11.116940888127168, 46.07451856752832], [11.116935576657742, 46.074379717925424], [11.116955057292474, 46.07395447796919], [11.116968262989468, 46.073549530156775], [11.116940284510301, 46.07313395721899], [11.116910126218865, 46.07295022688888], [11.116856516549985, 46.072593188045836], [11.116787002390577, 46.07231511749524], [11.116685294627864, 46.07196496419892], [11.116611715038147, 46.071745473625015], [11.116485638496588, 46.07141785501306], [11.116409031859646, 46.071229134950435], [11.116210313888248, 46.070816423403244], [11.116018356368166, 46.07041543207786], [11.11577769360018, 46.07000539249838], [11.115743850367279, 46.07000016880098], [11.115694384514724, 46.06991625348894], [11.115722124956191, 46.06987186149414], [11.115649076375277, 46.06972110241671], [11.115530095653646, 46.069496167862226], [11.11538098914756, 46.069225872283596], [11.115199232263151, 46.06888247165536], [11.114963796381511, 46.06843283817308], [11.11485113941619, 46.068239589176535], [11.114737470341643, 46.06799788031309], [11.11472168031133, 46.06791480361127], [11.114687413758299, 46.06776969557203], [11.11459796061623, 46.06752505268009], [11.114480440527165, 46.067310761075184], [11.114143329616505, 46.066686918016735], [11.113988575582546, 46.066389366188226], [11.113652717494585, 46.06575394162247], [11.113446907097373, 46.06531955920295], [11.113216225095874, 46.064800803754075], [11.113034735590613, 46.064342423980634], [11.112954505927663, 46.064124225520196], [11.112895176539011, 46.06394688384545], [11.11285903186081, 46.06382615539789], [11.112804271430337, 46.063642007052536], [11.112745816364415, 46.06343247168172], [11.112682166106714, 46.06318602826934], [11.112651842596753, 46.0631076080249], [11.11257944354182, 46.06292378868964], [11.1125445092626, 46.062779635544814], [11.112511452471944, 46.062629597650286], [11.112460157482635, 46.062277043013815], [11.112334373242588, 46.061643692489206], [11.112297929762848, 46.061348267220666], [11.112243003748455, 46.06099757925979], [11.112226105520163, 46.06075954201519], [11.112202908047244, 46.060443377655055], [11.112181939610096, 46.060019379469075], [11.112172374314191, 46.059610351095436], [11.112164912218693, 46.05946891484383], [11.112118152873112, 46.059226937312346], [11.11212176352091, 46.05878831866308], [11.112096051981304, 46.05842515362678], [11.112030243673095, 46.05777180511886], [11.111998621885686, 46.05727118271327], [11.111966600491296, 46.056723646836126], [11.11196298750675, 46.05653272673613], [11.111926857649232, 46.05613501631147], [11.11187852245816, 46.05534174721985], [11.111848822638215, 46.054831909248236], [11.111826955565174, 46.05448561831209], [11.111775634388628, 46.053752783406345], [11.111751988858815, 46.053439206819625], [11.111721137605267, 46.05317040828886], [11.111730952491929, 46.052907422606474], [11.111691778577532, 46.05268933943543], [11.111584318262805, 46.05254996318826], [11.11154290830923, 46.05240360272796], [11.11149460643891, 46.05222611184104], [11.11136777958972, 46.05171889208], [11.111346465365981, 46.05157664922745], [11.111314359810793, 46.05133001021484], [11.111317779330363, 46.05115063048842], [11.111315827404296, 46.05101112996326], [11.111337227805825, 46.050644057664634], [11.111372765496007, 46.05042042865197], [11.111426203114148, 46.050260715311104], [11.111544195087909, 46.04988218369953], [11.111660008676283, 46.0496165694234], [11.111778483703384, 46.049396272359004], [11.11195627775989, 46.049093584389325], [11.112213815534455, 46.04875590877685], [11.112362965444627, 46.04859727646384], [11.112546019568006, 46.04838181031932], [11.11261898309141, 46.048278129924505], [11.112924674418071, 46.04799969821814], [11.113193028650391, 46.047765880345295], [11.113367224267087, 46.0475915913132], [11.113456802552879, 46.047491937988504], [11.11369815719425, 46.04724218685303], [11.11390203507718, 46.04704045245341], [11.114174387524386, 46.046793229124916], [11.114597096087103, 46.0464230425592], [11.11472640019081, 46.04631331353637]]}}, {"type": "Feature", "properties": {"descrizione": "Pista ciclabile - corso 3 Novembre", "tipologia": "Ciclabile", "tratto isolato ciclabile": null, "tratto isolato ciclopedonale": null, "anno": null, "gestione": null, "itinerario": "4", "Tipo CdS": "1.3 PCCR marc", "Ordinanza": null, "Monodirezionale": null, "intervento 2026": "REVISIONE CON MANUTENZIONE", "Esist_prog": "E"}, "geometry": {"type": "LineString", "coordinates": [[11.12412799439446, 46.06195053856697], [11.124167816765395, 46.06185114718771], [11.124217575472422, 46.061782031712085], [11.124243991756709, 46.06174614841254], [11.124245160744833, 46.06171469565598], [11.124224522522587, 46.06167716747867], [11.124907116033546, 46.06104615499743], [11.124943552662918, 46.06103593113006], [11.12499742671631, 46.06097983406552], [11.124986283288663, 46.06094569506061], [11.125132278528735, 46.0608065463928], [11.125236386217106, 46.06070264416491], [11.125424191606545, 46.06053239991826], [11.125599973147594, 46.06035970899638], [11.125970265269908, 46.06000394260298], [11.12625486500923, 46.05972710307042], [11.126583167881794, 46.0594097657016], [11.12690968408616, 46.05908001967969], [11.126962152159459, 46.05906355883411], [11.127002045426467, 46.05905702584123], [11.127098351915935, 46.058974846510004], [11.127081363730612, 46.05896506629368], [11.127057739537081, 46.05893457768987], [11.127063000726576, 46.05890986914083], [11.126956137376004, 46.058851496224904]]}}, {"type": "Feature", "properties": {"descrizione": "Percorso ciclopedonale - viale Verona (dall'intersezione via Einaudi a via Fogazzaro)", "tipologia": "Ciclopedonale", "tratto isolato ciclabile": null, "tratto isolato ciclopedonale": null, "anno": null, "gestione": null, "itinerario": "4", "Tipo CdS": "2.1 PRO PED", "Ordinanza": "184/2019", "Monodirezionale": null, "intervento 2026": "REVISIONE CON MANUTENZIONE", "Esist_prog": "E"}, "geometry": {"type": "LineString", "coordinates": [[11.129875129975309, 46.052849261903525], [11.129873527959269, 46.053129996637814], [11.129886675516595, 46.053255135894], [11.129866532974912, 46.05329475891281], [11.12984635301411, 46.05344608714753], [11.129827217183474, 46.05362456745343], [11.129771439156949, 46.05390495148401], [11.129692162638154, 46.05418398672532], [11.129565259047965, 46.054630652768715], [11.129491429877117, 46.054812120562104], [11.129297765892678, 46.05511280696618], [11.129144587362468, 46.05536207406923], [11.129096661067255, 46.05545577478452], [11.128941466711519, 46.055760486384195], [11.12894211537139, 46.055795569584085], [11.128954378115608, 46.05581951782337], [11.128982303301722, 46.05585137864517], [11.129057598772114, 46.05588356435613], [11.129006903195895, 46.05598504341828], [11.128924770864149, 46.055992384228276], [11.128852491133335, 46.05601435615838], [11.128824040415186, 46.05603608380173], [11.1287003234848, 46.05600736815138]]}}, {"type": "Feature", "properties": {"descrizione": "Pista ciclabile - via A. Degasperi: tratto da via S.Pio X alla rotatoria di via Gandhi", "tipologia": "Ciclabile", "tratto isolato ciclabile": null, "tratto isolato ciclopedonale": null, "anno": null, "gestione": null, "itinerario": "3", "Tipo CdS": "1.3 PCCR marc", "Ordinanza": null, "Monodirezionale": null, "intervento 2026": "REVISIONE CON MANUTENZIONE", "Esist_prog": "E"}, "geometry": {"type": "LineString", "coordinates": [[11.1231342080776, 46.05103186409696], [11.123099735434842, 46.051050080348475], [11.122987067642075, 46.05114529433929], [11.122878645704123, 46.05121319007273], [11.122640026142847, 46.0513856690822], [11.122437713363938, 46.05152947133358], [11.122284249906656, 46.0516407006055], [11.122132999695651, 46.05175827761297], [11.122051122800595, 46.0518480866857], [11.12199600358302, 46.0519510989207], [11.121962977848048, 46.05205978937956], [11.121947732242928, 46.052124305926874], [11.121933535486622, 46.052267657844624], [11.121922755377247, 46.05238597147816], [11.121887018297604, 46.05248101247371], [11.121841488169656, 46.052548835755466], [11.121731349683312, 46.052623334996305], [11.121372485583802, 46.052762620407854], [11.12132576152093, 46.052778196453865], [11.121305484397055, 46.05278563302012], [11.121143477374709, 46.052821195763975], [11.12101131381881, 46.0528371002736], [11.120879090340683, 46.05283219131319], [11.120539424706122, 46.05281381096556], [11.120242721585244, 46.05278852294299]]}}, {"type": "Feature", "properties": {"descrizione": "Pista ciclabile - via Perini", "tipologia": "Ciclabile", "tratto isolato ciclabile": null, "tratto isolato ciclopedonale": null, "anno": 2023, "gestione": null, "itinerario": "8", "Tipo CdS": "1.3 PCCR marc", "Ordinanza": "", "Monodirezionale": null, "intervento 2026": "NESSUNO", "Esist_prog": "E"}, "geometry": {"type": "LineString", "coordinates": [[11.12502925681733, 46.06090473690296], [11.12486897104666, 46.06083484845064], [11.124819944060329, 46.06088459188289], [11.124803847575414, 46.06089056937419], [11.124788899869024, 46.06089243721684], [11.124766472994942, 46.06089149773042], [11.1240382548826, 46.060737825343026], [11.122926837417095, 46.06050344198173], [11.122551965589311, 46.060429781093816], [11.122064493835405, 46.060334817548906], [11.122071103744076, 46.06031837417141], [11.12197071876705, 46.06029842556116], [11.121963196967206, 46.0603167899708], [11.121431869179714, 46.06020791412496], [11.120819233631707, 46.060087286413015], [11.12083480106094, 46.06004654653798], [11.120698714558092, 46.06002134502824], [11.120676377655816, 46.06007476444867], [11.120129284878965, 46.05996920033093], [11.119325552588824, 46.059814110893896], [11.119245641300758, 46.059793542102476], [11.119199558334737, 46.05977329341809], [11.119162102314963, 46.059654524739784], [11.118941574524854, 46.05962972674756]]}}, {"type": "Feature", "properties": {"descrizione": "Pista ciclabile in via Mons. C. Endrici, tratto tra via Prati e via Borsieri", "tipologia": "Ciclopedonale", "tratto isolato ciclabile": null, "tratto isolato ciclopedonale": null, "anno": null, "gestione": null, "itinerario": "11", "Tipo CdS": "2.1 PRO PED", "Ordinanza": null, "Monodirezionale": null, "intervento 2026": "PROGETTAZIONE", "Esist_prog": "E"}, "geometry": {"type": "LineString", "coordinates": [[11.121046031364848, 46.065430025369665], [11.1210764220875, 46.06554181740865], [11.121096566815561, 46.065907588892046], [11.121083276826479, 46.066046582165875]]}}, {"type": "Feature", "properties": {"descrizione": "Percorso ciclopedonale tra via Gramsci e il parco del Sale", "tipologia": "Ciclopedonale", "tratto isolato ciclabile": null, "tratto isolato ciclopedonale": 265, "anno": 2017, "gestione": null, "itinerario": "0", "Tipo CdS": "2.1 PRO PED", "Ordinanza": null, "Monodirezionale": null, "intervento 2026": null, "Esist_prog": "E"}, "geometry": {"type": "LineString", "coordinates": [[11.12586242147312, 46.054758530376155], [11.125801678822619, 46.054795297290546], [11.125714092165806, 46.05479947248217], [11.125446702309812, 46.05478662904523], [11.125351710980878, 46.054788396242074], [11.125260666013792, 46.054797726370595], [11.125228662950258, 46.05482123097413], [11.125226668937017, 46.05486454113121], [11.125245815096534, 46.054887094236854], [11.125294287060768, 46.05491164727386], [11.125389766732225, 46.054922598411785], [11.125554468089472, 46.05492717066402], [11.125810995721146, 46.054942761441445], [11.1257953238303, 46.05510596340903]]}}, {"type": "Feature", "properties": {"descrizione": "Pista ciclabile - via V. Veneto: tratto nord rotatoria via Mattioli", "tipologia": "Ciclopedonale", "tratto isolato ciclabile": null, "tratto isolato ciclopedonale": null, "anno": null, "gestione": null, "itinerario": "11", "Tipo CdS": "2.1 PRO PED", "Ordinanza": null, "Monodirezionale": null, "intervento 2026": "MANUTENZIONE", "Esist_prog": "E"}, "geometry": {"type": "LineString", "coordinates": [[11.122517847185605, 46.058527232584936], [11.12256879787417, 46.05853853585001], [11.122617307883985, 46.05857942248681], [11.12265352859383, 46.058616558650336]]}}, {"type": "Feature", "properties": {"descrizione": "Pista ciclabile - via C. Vannetti", "tipologia": "Ciclabile", "tratto isolato ciclabile": null, "tratto isolato ciclopedonale": null, "anno": null, "gestione": null, "itinerario": "4", "Tipo CdS": "1.3 PCCR marc", "Ordinanza": null, "Monodirezionale": null, "intervento 2026": "MANUTENZIONE", "Esist_prog": "E"}, "geometry": {"type": "LineString", "coordinates": [[11.121521281928722, 46.072090159818856], [11.12167152013487, 46.072295536686546], [11.122219760719915, 46.073109292929935]]}}, {"type": "Feature", "properties": {"descrizione": "Pista ciclabile - via del Brennero (tratto dall'ingresso dello scalo ex Filzi al civ.1 di via Secondo da Trento)", "tipologia": "Ciclabile", "tratto isolato ciclabile": null, "tratto isolato ciclopedonale": null, "anno": null, "gestione": null, "itinerario": "4", "Tipo CdS": "1.3 PCCR marc", "Ordinanza": null, "Monodirezionale": null, "intervento 2026": "MANUTENZIONE", "Esist_prog": "E"}, "geometry": {"type": "LineString", "coordinates": [[11.12309631696661, 46.076578390533584], [11.123530862487844, 46.07721687750548], [11.123534940583681, 46.07724891674426], [11.123529753546721, 46.077269630215916], [11.122160816118551, 46.07965571915868]]}}, {"type": "Feature", "properties": {"descrizione": "Percorso ciclopedonale - Via Solteri", "tipologia": "Ciclopedonale", "tratto isolato ciclabile": null, "tratto isolato ciclopedonale": null, "anno": 2015, "gestione": null, "itinerario": "0", "Tipo CdS": "2.1 PRO PED", "Ordinanza": null, "Monodirezionale": null, "intervento 2026": null, "Esist_prog": "E"}, "geometry": {"type": "LineString", "coordinates": [[11.121221581075242, 46.08162619092454], [11.12244269847974, 46.081962013216696]]}}, {"type": "Feature", "properties": {"descrizione": "Pista ciclabile - collegamento via Venezia - port'Aquila", "tipologia": "Ciclabile", "tratto isolato ciclabile": 15, "tratto isolato ciclopedonale": null, "anno": null, "gestione": null, "itinerario": "0", "Tipo CdS": "1.3 PCCR marc", "Ordinanza": null, "Monodirezionale": null, "intervento 2026": null, "Esist_prog": "E"}, "geometry": {"type": "LineString", "coordinates": [[11.128061301326694, 46.06969994131721], [11.128042225665238, 46.06980035060037], [11.128087639134494, 46.06987329083219], [11.12804785160236, 46.06989516661462], [11.128041905845667, 46.069918495733226], [11.127847042256263, 46.06994474822505], [11.127774739253761, 46.06993493362194], [11.12772085032775, 46.069930035571744], [11.127638944846256, 46.069931560926435], [11.127638944846256, 46.069931560926435]]}}, {"type": "Feature", "properties": {"descrizione": "Pista ciclabile - via C. Vannetti", "tipologia": "Ciclabile", "tratto isolato ciclabile": null, "tratto isolato ciclopedonale": null, "anno": null, "gestione": null, "itinerario": "4", "Tipo CdS": "1.3 PCCR marc", "Ordinanza": null, "Monodirezionale": null, "intervento 2026": "MANUTENZIONE", "Esist_prog": "E"}, "geometry": {"type": "LineString", "coordinates": [[11.122219760719915, 46.073109292929935], [11.122256227903579, 46.07316342037952], [11.122526630906407, 46.073580002556035], [11.1228339319015, 46.074048962117985], [11.122987381878309, 46.07427817496646], [11.123205935086862, 46.074583905042786], [11.123590939584608, 46.07518710307085], [11.123636605414804, 46.075277673421226], [11.123642688337586, 46.07531604122555]]}}, {"type": "Feature", "properties": {"descrizione": "Percorso ciclopedonale - corso Buonarroti (tratto a nord civ.48)", "tipologia": "Ciclopedonale", "tratto isolato ciclabile": null, "tratto isolato ciclopedonale": null, "anno": null, "gestione": null, "itinerario": "5", "Tipo CdS": "2.1 PRO PED", "Ordinanza": null, "Monodirezionale": null, "intervento 2026": "MANUTENZIONE", "Esist_prog": "E"}, "geometry": {"type": "LineString", "coordinates": [[11.117851141378614, 46.073022671373536], [11.117927773710711, 46.0730581620298], [11.119591053004223, 46.0766347553457], [11.119612187744602, 46.076629826190384], [11.1196407977083, 46.07668309367749], [11.119624467637875, 46.07670931604058], [11.119593998404229, 46.07673003709564]]}}, {"type": "Feature", "properties": {"descrizione": "Percorso ciclopedonale - via Lampi", "tipologia": "Ciclopedonale", "tratto isolato ciclabile": null, "tratto isolato ciclopedonale": null, "anno": null, "gestione": null, "itinerario": "0", "Tipo CdS": "2.1 PRO PED", "Ordinanza": null, "Monodirezionale": null, "intervento 2026": null, "Esist_prog": "E"}, "geometry": {"type": "LineString", "coordinates": [[11.116961355537562, 46.07344693239087], [11.117075294585918, 46.07344627358231], [11.11708407489917, 46.073491695910164], [11.117121017604859, 46.07351408575124], [11.118041020885984, 46.07330060761481]]}}, {"type": "Feature", "properties": {"descrizione": "Corsia ciclabile per doppio senso ciclabile in via S. Martino, tratto tra Largo N.Sauro e via Torre d'Augusto", "tipologia": "Corsia ciclabile per doppio senso ciclabile", "tratto isolato ciclabile": null, "tratto isolato ciclopedonale": null, "anno": 2022, "gestione": null, "itinerario": "0", "Tipo CdS": "3.5 CCDS 12-ter", "Ordinanza": "1058/2022", "Monodirezionale": "Mono", "intervento 2026": null, "Esist_prog": "E"}, "geometry": {"type": "LineString", "coordinates": [[11.125206219889265, 46.07450900107454], [11.125356986305363, 46.07403039607488], [11.12540179805434, 46.0738844713768], [11.12542237381242, 46.073816367739], [11.125443244961227, 46.073710012105074], [11.125456703978113, 46.07353537172673], [11.125460583721102, 46.073393541887], [11.125444749350502, 46.07326348257354], [11.125427858764837, 46.073151864383966]]}}, {"type": "Feature", "properties": {"descrizione": "Percorso ciclopedonale - via G. Pedrotti", "tipologia": "Ciclopedonale", "tratto isolato ciclabile": null, "tratto isolato ciclopedonale": null, "anno": null, "gestione": null, "itinerario": "0", "Tipo CdS": "2.1 PRO PED", "Ordinanza": null, "Monodirezionale": null, "intervento 2026": null, "Esist_prog": "E"}, "geometry": {"type": "LineString", "coordinates": [[11.117413372365505, 46.079658087478386], [11.117287711618092, 46.07965295025146], [11.117203161082845, 46.079594187890535], [11.116466383655574, 46.07823907935101], [11.116331570259916, 46.07826121042768], [11.116104048387486, 46.07786051592779], [11.115947159872356, 46.07787742580023], [11.115814532662423, 46.077891826922894]]}}, {"type": "Feature", "properties": {"descrizione": "Pista ciclabile Lungadige San Nicolo fino Italcementi - lato ovest", "tipologia": "Ciclabile", "tratto isolato ciclabile": 170, "tratto isolato ciclopedonale": null, "anno": 2018, "gestione": null, "itinerario": "0", "Tipo CdS": "1.3 PCCR marc", "Ordinanza": null, "Monodirezionale": null, "intervento 2026": null, "Esist_prog": "E"}, "geometry": {"type": "LineString", "coordinates": [[11.113642633066336, 46.069293424462096], [11.113891462374715, 46.06986914718619], [11.113990036296501, 46.07009892591349], [11.113991445711266, 46.0702223701124], [11.11392163850109, 46.070356334792066], [11.113859234432285, 46.07045335143859], [11.113769579927324, 46.070514828109495], [11.113503220829728, 46.07064450087744]]}}, {"type": "Feature", "properties": {"descrizione": "Pista ciclabile - via E. Maccani", "tipologia": "Ciclabile", "tratto isolato ciclabile": null, "tratto isolato ciclopedonale": null, "anno": null, "gestione": null, "itinerario": "5", "Tipo CdS": "1.3 PCCR marc", "Ordinanza": null, "Monodirezionale": null, "intervento 2026": "MANUTENZIONE", "Esist_prog": "E"}, "geometry": {"type": "LineString", "coordinates": [[11.117402429223716, 46.07994979152059], [11.117351303375438, 46.07998062515907], [11.116871230036958, 46.08060908594331], [11.116279679579977, 46.08126791508477]]}}, {"type": "Feature", "properties": {"descrizione": "Percorso promiscuo pedonale e ciclabile \u2013 Valsugana (tratto Ponte Alto- Centochiavi):  tratto tra via Bassano,4 all\u2019intersezione con via degli Olivi", "tipologia": "Ciclopedonale", "tratto isolato ciclabile": null, "tratto isolato ciclopedonale": null, "anno": 2023, "gestione": "PAT", "itinerario": "2", "Tipo CdS": "2.1 PRO PED", "Ordinanza": null, "Monodirezionale": null, "intervento 2026": null, "Esist_prog": "E"}, "geometry": {"type": "LineString", "coordinates": [[11.122803989199433, 46.09037402313696], [11.122837393492695, 46.090370485451054], [11.122861467748121, 46.090342326390534], [11.123103284119576, 46.08997952497552], [11.123170231943941, 46.08966036795202], [11.123235327632454, 46.08952395971928], [11.123364499094286, 46.089321256639764], [11.123577972736033, 46.08902218364103], [11.12362775858602, 46.08897118214491], [11.123680097012901, 46.08895124862569], [11.123734196892897, 46.08895899409559], [11.123786612471166, 46.0889774666142], [11.123820332975754, 46.08898218767029], [11.123836960048157, 46.088978475389844], [11.123872699011518, 46.08892658074124], [11.124131403153976, 46.088558226632976], [11.12437713120912, 46.08822477317657], [11.124715145364755, 46.087692875787695], [11.12487040959118, 46.08731478556989], [11.124936697602802, 46.087103283623605], [11.124972179865177, 46.08673556434576], [11.124986565339025, 46.086455262095676], [11.125009262129442, 46.08615487221924], [11.125048943294395, 46.08549634426245], [11.125312822382845, 46.08430384048296], [11.126041567589835, 46.08134116476277], [11.126149019196436, 46.08102850142882], [11.126276831481782, 46.08075483896576], [11.126350899734785, 46.080473425519955], [11.126450403119254, 46.08028123731106], [11.126538147316039, 46.08019209322685], [11.126630762051436, 46.08002519246266], [11.127040503749939, 46.07959603181222], [11.127188203444183, 46.07939676895413], [11.1273377296234, 46.079156611426086], [11.127496311496975, 46.078988481593235], [11.127748132125046, 46.07866984650404], [11.127931376460388, 46.0783788034769], [11.128066219419775, 46.07819427996307], [11.128144589532393, 46.07810676773018], [11.12827352265789, 46.07797164103523], [11.128505767474078, 46.07779812659986], [11.128727519814381, 46.077678772281836], [11.128993783542432, 46.077572443987094], [11.129308606890756, 46.07747541966571], [11.1297586117152, 46.07740577416819], [11.130335434663499, 46.077323188017935], [11.131056324211153, 46.07722660830233], [11.131422054861783, 46.07717274868637], [11.131674962111747, 46.077127920982946], [11.131741649513033, 46.077090943048525], [11.131776361661913, 46.077039976543595], [11.131792823492558, 46.07697768243437], [11.131937213851593, 46.076972071101814], [11.13200214690847, 46.07702555376673], [11.132085178378093, 46.07703202612374], [11.132442155903714, 46.0769189026915], [11.133008418804677, 46.07665308101888], [11.133388602229823, 46.07645783378299], [11.13399671584669, 46.07614091751042], [11.134043597108667, 46.07607951338677], [11.134061047021303, 46.076015741964625]]}}, {"type": "Feature", "properties": {"descrizione": "Percorso promiscuo pedonale e ciclabile \u2013 Valsugana (tratto Ponte Alto- Centochiavi): dall'intersezione con via delle Laste a Ponte Alto", "tipologia": "Ciclopedonale", "tratto isolato ciclabile": null, "tratto isolato ciclopedonale": null, "anno": 2023, "gestione": "PAT", "itinerario": "2", "Tipo CdS": "2.1 PRO PED", "Ordinanza": null, "Monodirezionale": null, "intervento 2026": null, "Esist_prog": "E"}, "geometry": {"type": "LineString", "coordinates": [[11.136853128112396, 46.07426729902806], [11.136918407730045, 46.0744246917843], [11.136996157602288, 46.074497986512995], [11.137112629891488, 46.074529353750215], [11.13721744955219, 46.07453030999324], [11.137299242218411, 46.07449122307008], [11.137766957586562, 46.07427062270525], [11.138225332740681, 46.074038891711474], [11.138350033067459, 46.073957797865425], [11.138452204630227, 46.073890252224516], [11.138563090326073, 46.073831294478985], [11.138691517222593, 46.073792427502376], [11.13881151116575, 46.07375225973522], [11.138907962763037, 46.073699405938626], [11.138994967429399, 46.07361901709931], [11.139100273879556, 46.073578394752055], [11.139205636510757, 46.07353922977264], [11.139337041484355, 46.07345545689387], [11.139815737719415, 46.07312634753148], [11.140174223967437, 46.072845431367604], [11.140638215416663, 46.07247502621862], [11.14116956223335, 46.0720650707431], [11.141462407002484, 46.07187526183315], [11.141908850567447, 46.071674550753514], [11.142387046701643, 46.07148217591503], [11.142707889249383, 46.07137296882522], [11.14324441987338, 46.071266642755305], [11.143768376484763, 46.07124149785497], [11.144115666994018, 46.07127417834662], [11.144460239265289, 46.07133133898221], [11.1451189318104, 46.07143036752364], [11.145563847050573, 46.071514993411725], [11.145891655505373, 46.07157884556769], [11.14620112717033, 46.07165616791373], [11.146436658172206, 46.07173159694947], [11.146608031692471, 46.07181424736767], [11.146853600217174, 46.07194582220473], [11.147199159931326, 46.07218353877965], [11.147822614640129, 46.07276461606326], [11.14971306369928, 46.074658679395284], [11.150053921132685, 46.07497013088038], [11.150348605261774, 46.07515163963203], [11.150451418135024, 46.075208774416595]]}}, {"type": "Feature", "properties": {"descrizione": "Pista ciclopedonale lato nord rotatoria Piedicastello", "tipologia": "Ciclopedonale", "tratto isolato ciclabile": null, "tratto isolato ciclopedonale": 110, "anno": 2018, "gestione": null, "itinerario": "0", "Tipo CdS": "2.1 PRO PED", "Ordinanza": null, "Monodirezionale": null, "intervento 2026": null, "Esist_prog": "E"}, "geometry": {"type": "LineString", "coordinates": [[11.113785198295027, 46.07080116655347], [11.113775253979297, 46.07078601261762], [11.113896643558425, 46.07070439291928], [11.113991717888442, 46.070683844805565], [11.114132562238217, 46.070635608300776], [11.114140668086025, 46.07061705279861], [11.11396778866333, 46.07061986830481], [11.113878488700419, 46.070661782649445], [11.113726432192246, 46.07067609940277], [11.113845147742214, 46.070611017495786], [11.113982820615654, 46.070566290886575], [11.113971319337008, 46.0704959492575], [11.11389857489014, 46.070452048372424]]}}, {"type": "Feature", "properties": {"descrizione": "Pista ciclabile - corso degli Alpini", "tipologia": "Ciclabile", "tratto isolato ciclabile": null, "tratto isolato ciclopedonale": null, "anno": null, "gestione": null, "itinerario": "5", "Tipo CdS": "1.3 PCCR marc", "Ordinanza": null, "Monodirezionale": null, "intervento 2026": "MANUTENZIONE", "Esist_prog": "E"}, "geometry": {"type": "LineString", "coordinates": [[11.119444346361371, 46.07750992404815], [11.119399925022265, 46.077562347148564], [11.11938279440129, 46.07761520466475], [11.119072137758815, 46.07799476880448], [11.118774019932658, 46.07835537228227], [11.11847302293899, 46.07871868795274], [11.117998992825413, 46.07929752278036], [11.11755236145135, 46.07979604943523], [11.117473934980207, 46.079904786546614], [11.117402429223716, 46.07994979152059]]}}, {"type": "Feature", "properties": {"descrizione": "Percorso ciclopedonale localita di Centa (tratto tra localita i Laghetti e civ.5 di localita di Centa)", "tipologia": "Ciclopedonale", "tratto isolato ciclabile": 300, "tratto isolato ciclopedonale": null, "anno": 2019, "gestione": null, "itinerario": "0", "Tipo CdS": "2.1 PRO PED", "Ordinanza": null, "Monodirezionale": null, "intervento 2026": null, "Esist_prog": "E"}, "geometry": {"type": "LineString", "coordinates": [[11.111141185805458, 46.07773440895024], [11.111804869657382, 46.07855167727007], [11.112427262199622, 46.07848281012796], [11.11246151567975, 46.078426207851805], [11.11245283151728, 46.078175669141125], [11.112464760665075, 46.07804979245238], [11.112517184282044, 46.077911827312974], [11.1125551999254, 46.077834811275046], [11.112728729541537, 46.07758151612334], [11.112876896547753, 46.077425230431885], [11.113022227821686, 46.07727543303561]]}}, {"type": "Feature", "properties": {"descrizione": "Pista ciclabile Lungadige San Nicolo fino Italcementi - lato est", "tipologia": "Ciclabile", "tratto isolato ciclabile": 120, "tratto isolato ciclopedonale": null, "anno": 2018, "gestione": null, "itinerario": "1", "Tipo CdS": "1.3 PCCR marc", "Ordinanza": null, "Monodirezionale": null, "intervento 2026": null, "Esist_prog": "E"}, "geometry": {"type": "LineString", "coordinates": [[11.114413135711825, 46.070228754203825], [11.114355149659318, 46.07021065494032], [11.114312888835869, 46.070171558437835], [11.114229918873583, 46.07013398216649], [11.114193426851259, 46.07010168093006], [11.11413833696403, 46.06998632387475], [11.113889183996312, 46.069405600591985], [11.113847066305468, 46.06928367647223], [11.113789010545032, 46.069263066792324], [11.113642633066336, 46.069293424462096]]}}, {"type": "Feature", "properties": {"descrizione": "Pista ciclabile contigua al marciapiede in via Aconcio (lato sud) per un tratto di lunghezza pari a circa 25.00 metri che a partire dall'intersezione con via Petrarca si sviluppa in direzione ovest ", "tipologia": "Ciclabile", "tratto isolato ciclabile": null, "tratto isolato ciclopedonale": null, "anno": 2021, "gestione": null, "itinerario": "0", "Tipo CdS": "1.3 PCCR marc", "Ordinanza": "393/2021", "Monodirezionale": null, "intervento 2026": null, "Esist_prog": "E"}, "geometry": {"type": "LineString", "coordinates": [[11.124057107431955, 46.07432542752013], [11.123749217535478, 46.074282333166074]]}}, {"type": "Feature", "properties": {"descrizione": "Percorso ciclopedonale in via Aconcio (lato sud) per un tratto di lunghezza pari a circa 50.00 metri che a partire dall'intersezione con via Vannetti si sviluppa in direzione est ", "tipologia": "Ciclopedonale", "tratto isolato ciclabile": null, "tratto isolato ciclopedonale": null, "anno": 2021, "gestione": null, "itinerario": "0", "Tipo CdS": "2.1 PRO PED", "Ordinanza": "393/2021", "Monodirezionale": null, "intervento 2026": null, "Esist_prog": "E"}, "geometry": {"type": "LineString", "coordinates": [[11.123749217535478, 46.074282333166074], [11.123114087635557, 46.07419062255118]]}}, {"type": "Feature", "properties": {"descrizione": "Percorso ciclopedonale in via Aconcio (lato sud) lungo il tratto di marciapiede compreso tra via Petrarca e largo Nazario Sauro ed in continuit\u00e0 sul marciapiede di largo Nazario Sauro (lato sud) nel tratto compreso tra via Aconcio e via Manzoni ", "tipologia": "Ciclopedonale", "tratto isolato ciclabile": null, "tratto isolato ciclopedonale": null, "anno": 2021, "gestione": null, "itinerario": "0", "Tipo CdS": "2.1 PRO PED", "Ordinanza": "393/2021", "Monodirezionale": null, "intervento 2026": null, "Esist_prog": "E"}, "geometry": {"type": "LineString", "coordinates": [[11.124882053456972, 46.07442320260618], [11.124220158464595, 46.074339065626816]]}}, {"type": "Feature", "properties": {"descrizione": "Pista ciclabile - via V. Alfieri", "tipologia": "Ciclabile", "tratto isolato ciclabile": null, "tratto isolato ciclopedonale": null, "anno": null, "gestione": null, "itinerario": "4", "Tipo CdS": "1.3 PCCR marc", "Ordinanza": null, "Monodirezionale": null, "intervento 2026": "MANUTENZIONE", "Esist_prog": "E"}, "geometry": {"type": "LineString", "coordinates": [[11.121636172335739, 46.06977622900779], [11.121520061923146, 46.070207954335295], [11.121484913713266, 46.070231517774836], [11.121441914238389, 46.070336505654936], [11.121451009666862, 46.07034888313514], [11.12146695943159, 46.070385574151736], [11.121363568353368, 46.07073153336855], [11.121326040766524, 46.070848092826544], [11.121277235826804, 46.07091391237106], [11.12119784107108, 46.07121641253769], [11.121177299255859, 46.07130075114479], [11.121140114339852, 46.071353801601944], [11.121097784579453, 46.0713877895711], [11.121045624715645, 46.07141739639108], [11.121020542073529, 46.07143777259383], [11.121022185039902, 46.071468994110226], [11.121041234621387, 46.07150238192107], [11.121111372387672, 46.07162461123509], [11.12134771261958, 46.07191718811398], [11.121521281928722, 46.072090159818856]]}}, {"type": "Feature", "properties": {"descrizione": "Pista ciclabile - giardino di piazza Centa", "tipologia": "Ciclabile", "tratto isolato ciclabile": null, "tratto isolato ciclopedonale": null, "anno": null, "gestione": null, "itinerario": "4", "Tipo CdS": "1.3 PCCR marc", "Ordinanza": null, "Monodirezionale": null, "intervento 2026": "MANUTENZIONE", "Esist_prog": "E"}, "geometry": {"type": "LineString", "coordinates": [[11.12309631696661, 46.076578390533584], [11.123177312571922, 46.0764658704058], [11.123177209230724, 46.07633983264271], [11.12384375982694, 46.07601446461631], [11.123923412516175, 46.075927849942644], [11.123992364924378, 46.0758351580546], [11.123981166621054, 46.07578845375974], [11.123642688337586, 46.07531604122555]]}}, {"type": "Feature", "properties": {"descrizione": "Pista ciclabile nel nuovo parco a Roncafort", "tipologia": "Ciclopedonale", "tratto isolato ciclabile": null, "tratto isolato ciclopedonale": 30, "anno": 2020, "gestione": null, "itinerario": "0", "Tipo CdS": "2.1 PRO PED", "Ordinanza": "1003/2020", "Monodirezionale": null, "intervento 2026": null, "Esist_prog": "E"}, "geometry": {"type": "LineString", "coordinates": [[11.102661256176686, 46.100305536270916], [11.103033895496797, 46.100282759059]]}}, {"type": "Feature", "properties": {"descrizione": "Corsia ciclabile  per doppio senso ciclabile iin via Ponte Alto: tratto da via Valsugana al parcheggio in via Ponte Alto", "tipologia": "Corsia ciclabile per doppio senso ciclabile", "tratto isolato ciclabile": 130, "tratto isolato ciclopedonale": null, "anno": 2023, "gestione": null, "itinerario": "0", "Tipo CdS": "3.5 CCDS 12-ter", "Ordinanza": null, "Monodirezionale": "Mono", "intervento 2026": null, "Esist_prog": "E"}, "geometry": {"type": "LineString", "coordinates": [[11.150316284206122, 46.07386269724898], [11.15028699861052, 46.07384487889628], [11.150282958843407, 46.0738258199822], [11.150451106176007, 46.07363895960906], [11.150461441280273, 46.07360776645704], [11.150457772616273, 46.07358410817553], [11.150331863456515, 46.07327304760756], [11.150291023655498, 46.07321258443735], [11.150250377413391, 46.07317125255877], [11.150225750161464, 46.073149854664955]]}}, {"type": "Feature", "properties": {"descrizione": "Pista ciclabile monodirezionale in via Ponte Alto: tratto da Villa Madruzzo all'intersezione con strada della Valsugana", "tipologia": "Ciclabile", "tratto isolato ciclabile": 130, "tratto isolato ciclopedonale": null, "anno": 2023, "gestione": null, "itinerario": "0", "Tipo CdS": "1.3 PCCR marc", "Ordinanza": null, "Monodirezionale": "Mono", "intervento 2026": null, "Esist_prog": "E"}, "geometry": {"type": "LineString", "coordinates": [[11.150103515991114, 46.07307336613206], [11.150212920937296, 46.073116669420315], [11.150190190886132, 46.07314142899219], [11.150234479742345, 46.07317063037333], [11.15026566298917, 46.0732025302313], [11.150313473198535, 46.07327702417501], [11.15043215198235, 46.073583108106185], [11.150436118787923, 46.07360586611351], [11.15043550677236, 46.07362411312371], [11.150246273801947, 46.07383117676615], [11.15026267453929, 46.073856612308234], [11.150299447483878, 46.073873695966554]]}}, {"type": "Feature", "properties": {"descrizione": "Percorso ciclopedonale su via Castel di Pietrapiana (tratto dal civ.44 all'intersezione con via alla Cros)", "tipologia": "Ciclopedonale", "tratto isolato ciclabile": null, "tratto isolato ciclopedonale": 360, "anno": 2022, "gestione": null, "itinerario": "10", "Tipo CdS": "2.1 PRO PED", "Ordinanza": null, "Monodirezionale": null, "intervento 2026": null, "Esist_prog": "E"}, "geometry": {"type": "LineString", "coordinates": [[11.147705032018164, 46.0529213234481], [11.147924338921996, 46.05305790461227], [11.148058074756367, 46.053158546755824], [11.148175743391201, 46.05325842739009], [11.148316037935876, 46.05340999247231], [11.148448288362399, 46.05359042234968], [11.148512062107637, 46.05369876044426], [11.14854485614371, 46.05377689194002], [11.148597491907552, 46.053892832296704], [11.148640195750893, 46.054038788029104], [11.148708327167594, 46.054456247966534], [11.148763126093128, 46.05478595646355], [11.148874365639104, 46.05477907854907], [11.148932756868573, 46.054974988037245], [11.148978133694811, 46.05512089334288], [11.149001233609273, 46.055283169718955], [11.149002469830416, 46.05539374733298], [11.14901178516515, 46.055654042625044], [11.149015495055602, 46.05570556935336], [11.149048458136367, 46.0557470202947], [11.149095971056237, 46.055766765127295], [11.149151205417677, 46.05577247331692]]}}, {"type": "Feature", "properties": {"descrizione": "Pista ciclabile via Castel di Pietrapiana: tratto dal civ.21 al civ.5", "tipologia": "Ciclabile", "tratto isolato ciclabile": null, "tratto isolato ciclopedonale": null, "anno": 2024, "gestione": null, "itinerario": "10", "Tipo CdS": "1.3 PCCR marc", "Ordinanza": null, "Monodirezionale": null, "intervento 2026": null, "Esist_prog": "E"}, "geometry": {"type": "LineString", "coordinates": [[11.149515097055698, 46.057355428305115], [11.149744212850223, 46.05773980296444], [11.149924933895377, 46.058042984239016], [11.150089015252984, 46.05830044063297], [11.150231666172118, 46.05852242248625], [11.150313213777318, 46.05866937871786], [11.150356267742259, 46.05878081423408], [11.150384412296537, 46.05886028390474], [11.150410537536827, 46.05897399126391], [11.150430986954849, 46.05909344041203], [11.150452267204573, 46.05927730140479], [11.150462895037805, 46.05944362683587], [11.150480480065236, 46.05971882942304], [11.150506482820187, 46.060125761502896], [11.150530902626613, 46.06050791408913], [11.150553399205515, 46.06085996351561], [11.150572650982843, 46.06116123039271]]}}, {"type": "Feature", "properties": {"descrizione": "Pista ciclabile via Castel di Pietrapiana: tratto all'altezza del civ.21", "tipologia": "Ciclopedonale", "tratto isolato ciclabile": null, "tratto isolato ciclopedonale": null, "anno": 2024, "gestione": null, "itinerario": "10", "Tipo CdS": "2.1 PRO PED", "Ordinanza": null, "Monodirezionale": null, "intervento 2026": null, "Esist_prog": "E"}, "geometry": {"type": "LineString", "coordinates": [[11.149210471739721, 46.05675469876245], [11.149345577633676, 46.05707103125311], [11.149429364147077, 46.05721159748936], [11.149515097055698, 46.057355428305115]]}}, {"type": "Feature", "properties": {"descrizione": "Pista ciclabile via Castel di Pietrapiana: tratto dal civ.5 all'intersezione con via Sal\u00e8", "tipologia": "Ciclopedonale", "tratto isolato ciclabile": null, "tratto isolato ciclopedonale": null, "anno": 2024, "gestione": null, "itinerario": "10", "Tipo CdS": "2.1 PRO PED", "Ordinanza": null, "Monodirezionale": null, "intervento 2026": null, "Esist_prog": "E"}, "geometry": {"type": "LineString", "coordinates": [[11.150572650982843, 46.06116123039271], [11.15058132742306, 46.06129700473742], [11.150586269798882, 46.061374345731174], [11.150594207561818, 46.061467349557624], [11.15059270671308, 46.06155766452676], [11.150588598922939, 46.06164029272793], [11.15058124719454, 46.061697196395166], [11.150580158376192, 46.0617988467324], [11.15059423734461, 46.06183531015183], [11.150607091114598, 46.06185541350964], [11.150638045593249, 46.06187326332767]]}}, {"type": "Feature", "properties": {"descrizione": "Percorso ciclopedonale via Sal\u00e9 civ. 19/A", "tipologia": "Ciclopedonale", "tratto isolato ciclabile": null, "tratto isolato ciclopedonale": 170, "anno": 2024, "gestione": null, "itinerario": "0", "Tipo CdS": "2.1 PRO PED", "Ordinanza": null, "Monodirezionale": null, "intervento 2026": null, "Esist_prog": "E"}, "geometry": {"type": "LineString", "coordinates": [[11.152265287662429, 46.06320681259895], [11.152797139336613, 46.0631852937711], [11.152881059142874, 46.06316646528022], [11.152929123067514, 46.063128190799986], [11.152962353779367, 46.06308013501849], [11.152969098404467, 46.063041201917954], [11.152851977556033, 46.06268409420944], [11.1527795406048, 46.06262653156499], [11.152687030770974, 46.06258371969479], [11.152591344108648, 46.06256540101432], [11.15248863339514, 46.06257883429713], [11.152385140905066, 46.0625721605865], [11.152341535591837, 46.06256579580579], [11.152218974976087, 46.062599724438066], [11.152116152435779, 46.062610284973594]]}}, {"type": "Feature", "properties": {"descrizione": "Pista ciclabile via Castel di Pietrapiana: tratto dal civ.34 al civ.14", "tipologia": "Ciclabile", "tratto isolato ciclabile": null, "tratto isolato ciclopedonale": null, "anno": 2024, "gestione": null, "itinerario": "10", "Tipo CdS": "1.3 PCCR marc", "Ordinanza": null, "Monodirezionale": null, "intervento 2026": null, "Esist_prog": "E"}, "geometry": {"type": "LineString", "coordinates": [[11.149151205417677, 46.05577247331692], [11.149160935215257, 46.05584690677664], [11.149085738989083, 46.05587769166007], [11.149054065663888, 46.0558999633329], [11.149047278064405, 46.05594429992905], [11.149136696423346, 46.056502169924215], [11.149210471739721, 46.05675469876245]]}}, {"type": "Feature", "properties": {"descrizione": "Percorso ciclopedonale via Sal\u00e9 civ. 19/A: tratto sul ponte", "tipologia": "Ciclopedonale", "tratto isolato ciclabile": null, "tratto isolato ciclopedonale": 15, "anno": 2024, "gestione": null, "itinerario": "0", "Tipo CdS": "2.1 PRO PED", "Ordinanza": null, "Monodirezionale": null, "intervento 2026": null, "Esist_prog": "E"}, "geometry": {"type": "LineString", "coordinates": [[11.152962353779367, 46.06308013501849], [11.153006033342196, 46.063037387380895], [11.153109717977198, 46.06300100429374]]}}, {"type": "Feature", "properties": {"descrizione": "Percorso ciclopedonale via dei Rivi: tratto lungo torrente", "tipologia": "Ciclopedonale", "tratto isolato ciclabile": null, "tratto isolato ciclopedonale": 215, "anno": 2024, "gestione": null, "itinerario": "0", "Tipo CdS": "2.1 PRO PED", "Ordinanza": null, "Monodirezionale": null, "intervento 2026": null, "Esist_prog": "E"}, "geometry": {"type": "LineString", "coordinates": [[11.152719871914286, 46.06231910748267], [11.152677338868576, 46.06239936060452], [11.152719520448912, 46.0624568303543], [11.152860394730064, 46.062557462968684], [11.153003376212684, 46.062663352475916], [11.153048488409116, 46.0627472507667], [11.15307700766257, 46.06284470369766], [11.153109717977198, 46.06300100429374], [11.153153109886935, 46.063089569641555], [11.15322760238865, 46.06326246278767], [11.153249097821053, 46.06328324476622], [11.153382951895791, 46.06332557895695], [11.153467696924618, 46.06335245177289], [11.15356852409295, 46.063401532680224], [11.153599428959973, 46.06343802755538], [11.153738691538317, 46.06357047012584], [11.153850950374467, 46.063619997371745], [11.15407792759871, 46.06363558090506], [11.154253798872839, 46.063645506697185]]}}, {"type": "Feature", "properties": {"descrizione": "Pista ciclabile via del Maso Smalz: tratto compreso tra i passi carrai del civ.17", "tipologia": "Ciclabile", "tratto isolato ciclabile": null, "tratto isolato ciclopedonale": null, "anno": 2023, "gestione": null, "itinerario": "6", "Tipo CdS": "1.1 PCSP", "Ordinanza": null, "Monodirezionale": null, "intervento 2026": null, "Esist_prog": "E"}, "geometry": {"type": "LineString", "coordinates": [[11.112698415004424, 46.05240307866853], [11.113407757297573, 46.052512139790814]]}}, {"type": "Feature", "properties": {"descrizione": "Percorso ciclabile Ravina-Romagnano-Mattarello: tratto da via di Costa San Nicol\u00f2 a via della Croce", "tipologia": "Ciclabile", "tratto isolato ciclabile": null, "tratto isolato ciclopedonale": null, "anno": 2022, "gestione": null, "itinerario": "13", "Tipo CdS": "1.3 PCCR marc", "Ordinanza": null, "Monodirezionale": null, "intervento 2026": null, "Esist_prog": "E"}, "geometry": {"type": "LineString", "coordinates": [[11.112299348057894, 46.044937277764575], [11.112159056578426, 46.044908577475], [11.112084365026963, 46.04491466335205], [11.112033322882406, 46.04497003765969], [11.111867627910444, 46.04493835229127], [11.111873702055771, 46.04487525682296], [11.111812658788498, 46.04481802502792], [11.11116907861067, 46.04470523510373], [11.110901304154993, 46.04457634382009], [11.110707985613628, 46.04438673588585], [11.11068397663474, 46.04425068155429], [11.110670669845359, 46.044123976906015], [11.11070031174299, 46.0432328075293], [11.11075855233094, 46.0431293838033], [11.110873580689683, 46.04303278370294], [11.111113894321514, 46.04296043945528], [11.1114035339376, 46.04292162703381], [11.111781804418165, 46.04287231857648], [11.111928173578674, 46.042819423140614], [11.111995596925064, 46.042734527159304], [11.112064994622749, 46.042664356325496], [11.1120378631897, 46.04254578028247], [11.112174795815589, 46.042504868330965]]}}, {"type": "Feature", "properties": {"descrizione": "Percorso ciclopedonale - via dei Tessadri via delle Tabarelle", "tipologia": "Ciclopedonale", "tratto isolato ciclabile": null, "tratto isolato ciclopedonale": 380, "anno": null, "gestione": null, "itinerario": "0", "Tipo CdS": "2.1 PRO PED", "Ordinanza": null, "Monodirezionale": null, "intervento 2026": null, "Esist_prog": "E"}, "geometry": {"type": "LineString", "coordinates": [[11.143985474809742, 46.04645936873189], [11.144053400709193, 46.04624631503742], [11.143768543810399, 46.045825377895014], [11.14374073464916, 46.045646061676706], [11.143528490214948, 46.04535213063318], [11.143445988068912, 46.04520880902787], [11.143357910161091, 46.04500564594619], [11.143241592179095, 46.04471309355001], [11.143328338554026, 46.044561601057175], [11.143328338554026, 46.044561601057175]]}}, {"type": "Feature", "properties": {"descrizione": "Pista ciclabile  via Fersina - ferrovia del Brennero", "tipologia": "Ciclabile", "tratto isolato ciclabile": null, "tratto isolato ciclopedonale": null, "anno": 2018, "gestione": null, "itinerario": "0", "Tipo CdS": "1.3 PCCR marc", "Ordinanza": null, "Monodirezionale": null, "intervento 2026": null, "Esist_prog": "E"}, "geometry": {"type": "LineString", "coordinates": [[11.123937037006108, 46.04033265326492], [11.124153881954104, 46.04031944795523], [11.124254104584482, 46.04027328973873], [11.124357351099356, 46.040335036556456], [11.124465914955112, 46.0403874637136], [11.124528059204396, 46.04047895400376], [11.12453061653813, 46.040545646648326], [11.12460148832851, 46.040618094142815], [11.124769993667815, 46.04070453267454], [11.12506556776347, 46.04078333843201], [11.125334719259119, 46.0408143361529], [11.127507684087753, 46.04083755721109], [11.128204688154272, 46.04076332335026], [11.128396007052173, 46.04074592813553]]}}, {"type": "Feature", "properties": {"descrizione": "Percorso ciclopedonale - via E. Fermi", "tipologia": "Ciclopedonale", "tratto isolato ciclabile": null, "tratto isolato ciclopedonale": null, "anno": null, "gestione": null, "itinerario": "0", "Tipo CdS": "2.1 PRO PED", "Ordinanza": null, "Monodirezionale": null, "intervento 2026": null, "Esist_prog": "E"}, "geometry": {"type": "LineString", "coordinates": [[11.127678782585837, 46.04756360947121], [11.128315829920854, 46.04801435325553], [11.128784597327245, 46.04836240258808], [11.129388093933963, 46.048802108887394], [11.129706007150554, 46.04904249442669], [11.1300314154557, 46.04929159928826], [11.130734819407104, 46.04981142846823], [11.1308450067273, 46.04983788588231], [11.13092513756759, 46.04983288596825], [11.130993932405385, 46.049818306297816], [11.13107454425304, 46.04977846851233], [11.131152829268917, 46.049652861329314], [11.131187290842652, 46.049550927738835], [11.131310194277624, 46.04956567482791]]}}, {"type": "Feature", "properties": {"descrizione": "Sottopasso ciclabile via Jedin", "tipologia": "Ciclabile", "tratto isolato ciclabile": null, "tratto isolato ciclopedonale": 130, "anno": 2024, "gestione": null, "itinerario": "0", "Tipo CdS": "1.1 PCSP", "Ordinanza": null, "Monodirezionale": null, "intervento 2026": null, "Esist_prog": "E"}, "geometry": {"type": "LineString", "coordinates": [[11.11503895632844, 46.05142342756939], [11.115717009437999, 46.05160545544506], [11.11585946259795, 46.05140293974483], [11.115728255866784, 46.051352421967096], [11.115522553596726, 46.051292693983655], [11.115267760543126, 46.05124181671407]]}}, {"type": "Feature", "properties": {"descrizione": "Pista ciclabile da ponte di Ravina fino a via di Costa S. Nicol\ufffd", "tipologia": "Ciclopedonale", "tratto isolato ciclabile": null, "tratto isolato ciclopedonale": null, "anno": 2017, "gestione": null, "itinerario": "13", "Tipo CdS": "2.1 PRO PED", "Ordinanza": null, "Monodirezionale": null, "intervento 2026": null, "Esist_prog": "E"}, "geometry": {"type": "LineString", "coordinates": [[11.112299348057894, 46.044937277764575], [11.11367624974337, 46.045667186810164]]}}, {"type": "Feature", "properties": {"descrizione": "Percorso ciclabile - viale Verona (da ingresso Questura al civ. 4/1)", "tipologia": "Ciclabile", "tratto isolato ciclabile": null, "tratto isolato ciclopedonale": null, "anno": null, "gestione": null, "itinerario": "4", "Tipo CdS": "1.3 PCCR marc", "Ordinanza": null, "Monodirezionale": null, "intervento 2026": "REVISIONE CON MANUTENZIONE", "Esist_prog": "E"}, "geometry": {"type": "LineString", "coordinates": [[11.131310194277624, 46.04956567482791], [11.131317834022184, 46.04944630628631], [11.131301855388292, 46.04900650807422], [11.131279868648317, 46.04884932648141]]}}, {"type": "Feature", "properties": {"descrizione": "Percorso ciclopedonale - viale Verona (dal civ.176 di viale Verona alla rotatoria viale degli Olmi)", "tipologia": "Ciclopedonale", "tratto isolato ciclabile": null, "tratto isolato ciclopedonale": null, "anno": null, "gestione": null, "itinerario": "4", "Tipo CdS": "2.1 PRO PED", "Ordinanza": null, "Monodirezionale": null, "intervento 2026": "REVISIONE CON MANUTENZIONE", "Esist_prog": "E"}, "geometry": {"type": "LineString", "coordinates": [[11.131310194277624, 46.04956567482791], [11.131211753763715, 46.04978834260177], [11.131165645439363, 46.049857551831785], [11.131160401955574, 46.04990616784729], [11.131174056613489, 46.04994574369658], [11.131194240790695, 46.04997296177106], [11.131234432317767, 46.04999690472885], [11.131302723015327, 46.050014652525626], [11.131274617142319, 46.05009863777096], [11.131189548291728, 46.050098220520454], [11.131153803969779, 46.05010596019796], [11.131122765350156, 46.05011531736258], [11.131055110882274, 46.05014865356387]]}}, {"type": "Feature", "properties": {"descrizione": "Pista ciclabile via del Maso Smalz: tratto tra il civ. 11 e il passo carraio est del civ.17", "tipologia": "Strada ciclabile urbana", "tratto isolato ciclabile": null, "tratto isolato ciclopedonale": null, "anno": 2023, "gestione": null, "itinerario": "6", "Tipo CdS": "3.2 SUC E-bis", "Ordinanza": null, "Monodirezionale": null, "intervento 2026": null, "Esist_prog": "E"}, "geometry": {"type": "LineString", "coordinates": [[11.114589963508331, 46.05278384398871], [11.114067518956796, 46.05262402481122], [11.113407757297573, 46.052512139790814]]}}, {"type": "Feature", "properties": {"descrizione": "Percorso ciclopedonale San Bartolomeo: tratto RSA - stazione", "tipologia": "Ciclopedonale", "tratto isolato ciclabile": null, "tratto isolato ciclopedonale": 130, "anno": null, "gestione": null, "itinerario": "0", "Tipo CdS": "2.1 PRO PED", "Ordinanza": null, "Monodirezionale": null, "intervento 2026": null, "Esist_prog": "E"}, "geometry": {"type": "LineString", "coordinates": [[11.135506132031555, 46.04976399865028], [11.13527966114367, 46.04843364862656]]}}, {"type": "Feature", "properties": {"descrizione": "Pista ciclabile nel nuovo parco a Roncafort", "tipologia": "Ciclabile", "tratto isolato ciclabile": 87, "tratto isolato ciclopedonale": null, "anno": 2020, "gestione": null, "itinerario": "0", "Tipo CdS": "1.1 PCSP", "Ordinanza": "1003/2020", "Monodirezionale": null, "intervento 2026": null, "Esist_prog": "E"}, "geometry": {"type": "LineString", "coordinates": [[11.101750890354161, 46.10017519696624], [11.101837575514331, 46.10017360232581], [11.101948627454762, 46.10009990037044], [11.10200996546193, 46.100027283924064], [11.102079310458995, 46.10004760910451], [11.10238746730198, 46.1002237474457], [11.102453085484914, 46.100249022724306], [11.102661256176686, 46.100305536270916]]}}, {"type": "Feature", "properties": {"descrizione": "Percorso ciclopedonale - via Conci via Tambosi", "tipologia": "Ciclopedonale", "tratto isolato ciclabile": null, "tratto isolato ciclopedonale": 300, "anno": null, "gestione": null, "itinerario": "0", "Tipo CdS": "2.1 PRO PED", "Ordinanza": null, "Monodirezionale": null, "intervento 2026": null, "Esist_prog": "E"}, "geometry": {"type": "LineString", "coordinates": [[11.138940738707092, 46.04374306061555], [11.138926479648662, 46.04372339440176], [11.138948889254497, 46.043512358940895], [11.139023442333349, 46.04324884179374], [11.139073182322749, 46.04311612440628], [11.139224057447597, 46.042877777065584], [11.139375991555564, 46.04268486983801], [11.139492562142937, 46.04256568919013], [11.139148392667007, 46.04239104623098], [11.138954791502075, 46.042295896194695], [11.138906316468999, 46.042225766699865], [11.138900144219392, 46.042098633569]]}}, {"type": "Feature", "properties": {"descrizione": "Percorso ciclopedonale lottizzazione Madonna Bianca", "tipologia": "Ciclopedonale", "tratto isolato ciclabile": null, "tratto isolato ciclopedonale": 510, "anno": 2021, "gestione": null, "itinerario": "4", "Tipo CdS": "2.1 PRO PED", "Ordinanza": null, "Monodirezionale": null, "intervento 2026": "NESSUNO", "Esist_prog": "E"}, "geometry": {"type": "LineString", "coordinates": [[11.128328701343483, 46.035634493200575], [11.128316423336763, 46.036191983183315], [11.128398495100688, 46.03693555081678], [11.128736887656887, 46.03692611066299], [11.129387379146364, 46.0397326315019], [11.129641988369812, 46.03971832516966]]}}, {"type": "Feature", "properties": {"descrizione": "Percorso ciclopedonale posto lungo il lato sud di via Bartali nel tratto di strada prospicente il numero civico 21 della medesima via", "tipologia": "Ciclopedonale", "tratto isolato ciclabile": null, "tratto isolato ciclopedonale": null, "anno": 2021, "gestione": null, "itinerario": "0", "Tipo CdS": "2.1 PRO PED", "Ordinanza": "1114/2021", "Monodirezionale": null, "intervento 2026": null, "Esist_prog": "E"}, "geometry": {"type": "LineString", "coordinates": [[11.128482873537417, 46.040742620740254], [11.128493336444315, 46.04073190776519], [11.128540684851744, 46.040724956582864], [11.12858870481604, 46.04074444083934], [11.128731260241507, 46.040763731216785], [11.12887530161011, 46.04079239939931], [11.128961701104364, 46.040844088161066], [11.129051140656488, 46.040974884615196], [11.129127045977729, 46.04104636397256], [11.129222725692701, 46.041075933012195], [11.129222102759886, 46.04111380586267], [11.129222102759886, 46.04111380586267]]}}, {"type": "Feature", "properties": {"descrizione": "Pista ciclabile - via Fersina", "tipologia": "Ciclabile", "tratto isolato ciclabile": null, "tratto isolato ciclopedonale": null, "anno": null, "gestione": null, "itinerario": "7", "Tipo CdS": "1.3 PCCR marc", "Ordinanza": null, "Monodirezionale": null, "intervento 2026": null, "Esist_prog": "E"}, "geometry": {"type": "LineString", "coordinates": [[11.121527576530575, 46.052472312272386], [11.12158968912267, 46.05255815601576], [11.12125782747702, 46.05268860860105], [11.12132576152093, 46.052778196453865]]}}, {"type": "Feature", "properties": {"descrizione": "Percorso ciclopedonale sul ponte di Ravina", "tipologia": "Ciclopedonale", "tratto isolato ciclabile": null, "tratto isolato ciclopedonale": null, "anno": 2017, "gestione": null, "itinerario": "1", "Tipo CdS": "2.1 PRO PED", "Ordinanza": null, "Monodirezionale": null, "intervento 2026": null, "Esist_prog": "E"}, "geometry": {"type": "LineString", "coordinates": [[11.11367624974337, 46.045667186810164], [11.114677073140252, 46.04619770944293], [11.114714453084257, 46.046256887398904], [11.11472640019081, 46.04631331353637]]}}, {"type": "Feature", "properties": {"descrizione": "Percorso ciclabile - viale Verona (dalla rotatoria viale degli Olmi all'intersezione viale dei Tigli)", "tipologia": "Ciclabile", "tratto isolato ciclabile": null, "tratto isolato ciclopedonale": null, "anno": null, "gestione": null, "itinerario": "4", "Tipo CdS": "1.3 PCCR marc", "Ordinanza": null, "Monodirezionale": null, "intervento 2026": "REVISIONE CON MANUTENZIONE", "Esist_prog": "E"}, "geometry": {"type": "LineString", "coordinates": [[11.131055110882274, 46.05014865356387], [11.131009243056827, 46.05016766715894], [11.130967996367643, 46.05019567354463], [11.130806091418528, 46.05041004073078], [11.130683549996023, 46.05058080873827], [11.130501395716173, 46.05084675276146], [11.130494831176348, 46.05099761485272], [11.130440461516251, 46.05108367545384], [11.13042290485138, 46.05114023297995], [11.130466309093128, 46.05130878750217]]}}, {"type": "Feature", "properties": {"descrizione": "Percorso ciclopedonale - viale Verona (dall'intersezione viale dei Tigli al civ.156 di viale Verona)", "tipologia": "Ciclopedonale", "tratto isolato ciclabile": null, "tratto isolato ciclopedonale": null, "anno": null, "gestione": null, "itinerario": "4", "Tipo CdS": "2.1 PRO PED", "Ordinanza": null, "Monodirezionale": null, "intervento 2026": "REVISIONE CON MANUTENZIONE", "Esist_prog": "E"}, "geometry": {"type": "LineString", "coordinates": [[11.130466309093128, 46.05130878750217], [11.130308977453215, 46.0513484385125], [11.130240339722256, 46.051363670439066], [11.130185254675805, 46.05139053876062], [11.130043838164019, 46.05172723332366]]}}, {"type": "Feature", "properties": {"descrizione": "Pista ciclabile - via A. Degasperi: tratto fronte civ.51", "tipologia": "Ciclabile", "tratto isolato ciclabile": null, "tratto isolato ciclopedonale": null, "anno": null, "gestione": null, "itinerario": "3", "Tipo CdS": "1.3 PCCR marc", "Ordinanza": null, "Monodirezionale": null, "intervento 2026": "MANUTENZIONE", "Esist_prog": "E"}, "geometry": {"type": "LineString", "coordinates": [[11.126486375889154, 46.048458156774956], [11.126202168236361, 46.04870533048963], [11.126125337733185, 46.048782862922536]]}}, {"type": "Feature", "properties": {"descrizione": "Percorso ciclabile - viale Verona: tratto da via Menguzzatoi all'ingresso della Questura", "tipologia": "Ciclabile", "tratto isolato ciclabile": null, "tratto isolato ciclopedonale": null, "anno": null, "gestione": null, "itinerario": "4", "Tipo CdS": "1.3 PCCR marc", "Ordinanza": null, "Monodirezionale": null, "intervento 2026": "REVISIONE CON MANUTENZIONE", "Esist_prog": "E"}, "geometry": {"type": "LineString", "coordinates": [[11.131581022713332, 46.04256668490877], [11.131544116937347, 46.04270637902556], [11.131523491471906, 46.042888828536206], [11.13148594695991, 46.04321895240396], [11.131421851644376, 46.0437121383157], [11.131379017722214, 46.04398022070712], [11.131299356851576, 46.04416999228173], [11.131275007867758, 46.04434347148075], [11.131282915919325, 46.04441175193752], [11.131291854302836, 46.04447251505262], [11.131275917532786, 46.04466050647108], [11.131239801593663, 46.04516024188627], [11.131242002438135, 46.0452088653113], [11.131275503273642, 46.0452376995463], [11.131269356167056, 46.04530901417223], [11.13126436637844, 46.04534737152963], [11.131290311026207, 46.04538620914958], [11.131253807314959, 46.04546907992144], [11.131245316473953, 46.04575584461837], [11.131167537879065, 46.04612937175452], [11.131103580881822, 46.046411067743996], [11.13110471037569, 46.04651820876907], [11.131124667288436, 46.04669099614111], [11.1311675983584, 46.047230556544505], [11.131196678790927, 46.04760996002001], [11.131203257226524, 46.047800606217194], [11.131225416399767, 46.047827660423806], [11.131231099137828, 46.048014334159], [11.13125976860464, 46.04855477178187]]}}, {"type": "Feature", "properties": {"descrizione": "Pista ciclabile - via A. Degasperi:  tratto in rotatoria e fino civ.17", "tipologia": "Ciclabile", "tratto isolato ciclabile": null, "tratto isolato ciclopedonale": null, "anno": null, "gestione": null, "itinerario": "3", "Tipo CdS": "1.3 PCCR marc", "Ordinanza": null, "Monodirezionale": null, "intervento 2026": "NESSUNO", "Esist_prog": "E"}, "geometry": {"type": "LineString", "coordinates": [[11.123914652619074, 46.050475635074804], [11.123744918921044, 46.05058370557252], [11.123733029164955, 46.050645631554715], [11.123771943047023, 46.050685231694985], [11.123843768994638, 46.050715171540745], [11.123874160160288, 46.05079329828593], [11.123841297488312, 46.05086747692568], [11.123754012296388, 46.05092710444298], [11.123574610184862, 46.05097987445483], [11.123465958681415, 46.05096956327515], [11.123384908225976, 46.0509256047757], [11.123320785834894, 46.05091465099991], [11.123227938414992, 46.050951792183376], [11.1231342080776, 46.05103186409696]]}}, {"type": "Feature", "properties": {"descrizione": "Pista ciclabile - via A. Degasperi: tratto dal civ.17 al civ.51", "tipologia": "Ciclabile", "tratto isolato ciclabile": null, "tratto isolato ciclopedonale": null, "anno": null, "gestione": null, "itinerario": "3", "Tipo CdS": "1.3 PCCR marc", "Ordinanza": null, "Monodirezionale": null, "intervento 2026": "MANUTENZIONE", "Esist_prog": "E"}, "geometry": {"type": "LineString", "coordinates": [[11.126125337733185, 46.048782862922536], [11.12590031265075, 46.04898638006768], [11.125602995147268, 46.04923003766599], [11.125413651738572, 46.04937340775233], [11.125260166824912, 46.049500641046535], [11.125173317094912, 46.04957191940278], [11.124917349018643, 46.049748888020794], [11.124581762205246, 46.049997412238355], [11.124290872196335, 46.05021323153836], [11.123914652619074, 46.050475635074804]]}}, {"type": "Feature", "properties": {"descrizione": "Pista ciclabile - via A. Degasperi: tratto dal civ.61 allla rotatoria via Fermi", "tipologia": "Ciclabile", "tratto isolato ciclabile": null, "tratto isolato ciclopedonale": null, "anno": null, "gestione": null, "itinerario": "3", "Tipo CdS": "1.3 PCCR marc", "Ordinanza": null, "Monodirezionale": null, "intervento 2026": "NESSUNO", "Esist_prog": "E"}, "geometry": {"type": "LineString", "coordinates": [[11.127590684903813, 46.047619685077464], [11.12747773745807, 46.0475961327802], [11.12741073971189, 46.047604593087335], [11.127356778941573, 46.047627276518384], [11.1270019818459, 46.048016783651775], [11.126890574563898, 46.04810733039304], [11.126776088762997, 46.04820892627449]]}}, {"type": "Feature", "properties": {"descrizione": "Percorso ciclabile - viale Verona: tratto da via Menguzzato all'intersezione con via Degasperi", "tipologia": "Ciclabile", "tratto isolato ciclabile": null, "tratto isolato ciclopedonale": null, "anno": null, "gestione": null, "itinerario": "4", "Tipo CdS": "1.3 PCCR marc", "Ordinanza": null, "Monodirezionale": null, "intervento 2026": "NESSUNO", "Esist_prog": "E"}, "geometry": {"type": "LineString", "coordinates": [[11.130267844886157, 46.04242414317266], [11.130366341891678, 46.0423707490238], [11.13048548880919, 46.04233835498704], [11.130642775478936, 46.04232596270209], [11.130716358475372, 46.04232675651638], [11.130879848844456, 46.042361849630524], [11.130992623790542, 46.042412025184966], [11.131112469760902, 46.042495961200224], [11.131301447033287, 46.042408579919886], [11.131350081240049, 46.042412093294196], [11.131382423589981, 46.04243293786625], [11.131462920398114, 46.04254947903248], [11.131581022713332, 46.04256668490877]]}}, {"type": "Feature", "properties": {"descrizione": "Pista ciclabile - via A. Degasperi: tratto da ingresso del palazzo Stella a rotatoria viale Verona", "tipologia": "Ciclabile", "tratto isolato ciclabile": null, "tratto isolato ciclopedonale": null, "anno": null, "gestione": null, "itinerario": "3", "Tipo CdS": "1.3 PCCR marc", "Ordinanza": null, "Monodirezionale": null, "intervento 2026": "MANUTENZIONE", "Esist_prog": "E"}, "geometry": {"type": "LineString", "coordinates": [[11.130267844886157, 46.04242414317266], [11.130139180231941, 46.042534362624146], [11.129934849180955, 46.04274173274502], [11.129893118803668, 46.0428464262229], [11.129793662671903, 46.04294983191316], [11.129657037464797, 46.04302308514355]]}}, {"type": "Feature", "properties": {"descrizione": "Pista ciclabile - via A. Degasperi: tratto dalla rotatoria di via Fermi al civ.77", "tipologia": "Ciclabile", "tratto isolato ciclabile": null, "tratto isolato ciclopedonale": null, "anno": null, "gestione": null, "itinerario": "3", "Tipo CdS": "1.3 PCCR marc", "Ordinanza": null, "Monodirezionale": null, "intervento 2026": "MANUTENZIONE", "Esist_prog": "E"}, "geometry": {"type": "LineString", "coordinates": [[11.129429397010142, 46.04324133124604], [11.129002864595211, 46.043665786248724], [11.128719421220719, 46.04394471246043], [11.128517683137835, 46.04416670052055], [11.128419493041386, 46.04430372441494], [11.128389601849612, 46.04437374976272], [11.128373978364458, 46.044429311407036], [11.128248666548204, 46.04469214106804], [11.128180836090763, 46.04490251173856], [11.128146634174039, 46.04504395697785], [11.128105433219243, 46.045265526557294], [11.128063392152818, 46.04550021019155], [11.128002282420905, 46.0458243650813], [11.127966802560277, 46.04602875328151], [11.127922461221532, 46.04615986176751], [11.12784959549094, 46.046545283531835], [11.127828514683182, 46.04665233478292], [11.12782435387882, 46.046780121932215], [11.12776327025701, 46.046965105372095], [11.127733236291864, 46.04724094156635], [11.12772578615895, 46.04739076802975], [11.127725180472124, 46.04749589729283], [11.127725018577044, 46.047523997617425], [11.127678782585837, 46.04756360947121], [11.127590684903813, 46.047619685077464]]}}, {"type": "Feature", "properties": {"descrizione": "Pista ciclabile - via Fersina: tratto dal civ.4 di via Padre Eusebio Iori al civ.78", "tipologia": "Ciclabile", "tratto isolato ciclabile": null, "tratto isolato ciclopedonale": null, "anno": null, "gestione": null, "itinerario": "7", "Tipo CdS": "1.3 PCCR marc", "Ordinanza": null, "Monodirezionale": null, "intervento 2026": "MANUTENZIONE", "Esist_prog": "E"}, "geometry": {"type": "LineString", "coordinates": [[11.119835337605336, 46.04933268351416], [11.119904439761836, 46.04949535259178], [11.119994319832378, 46.049694304694846], [11.120074042053982, 46.04979322538855], [11.120222709816625, 46.04993674727749], [11.12034398781847, 46.050057251710435], [11.120434839494482, 46.05022638005673], [11.12053762077138, 46.050401597412396], [11.12057767649881, 46.05046774641432], [11.120587805397665, 46.05052766853457], [11.120580079749104, 46.05068731835845], [11.120588775577525, 46.05079027523002], [11.120606811563578, 46.050898078879335], [11.120642033544403, 46.05102347064182], [11.120672270517312, 46.05111900195176], [11.12073067153067, 46.051237284442706]]}}, {"type": "Feature", "properties": {"descrizione": "Pista ciclabile - via Fersina: tratto dal ponte Santa Barbara al civ.4 di via Padre Eusebio Iori", "tipologia": "Ciclabile", "tratto isolato ciclabile": null, "tratto isolato ciclopedonale": null, "anno": null, "gestione": null, "itinerario": "7", "Tipo CdS": "3.1 PRO CARR", "Ordinanza": null, "Monodirezionale": null, "intervento 2026": "NESSUNO", "Esist_prog": "E"}, "geometry": {"type": "LineString", "coordinates": [[11.12073067153067, 46.051237284442706], [11.120785762381168, 46.051348212207785], [11.12091450648527, 46.05157225975398], [11.121169932585717, 46.05197801847679], [11.121527576530575, 46.052472312272386]]}}, {"type": "Feature", "properties": {"descrizione": "Percorso promiscuo pedonale e ciclabile \u2013 Valsugana (tratto Ponte Alto- Centochiavi):  tratto da Salita Dalla Fior a Via Bassano,4", "tipologia": "Ciclopedonale", "tratto isolato ciclabile": null, "tratto isolato ciclopedonale": null, "anno": 2023, "gestione": "PAT", "itinerario": "2", "Tipo CdS": "2.1 PRO PED", "Ordinanza": null, "Monodirezionale": null, "intervento 2026": null, "Esist_prog": "E"}, "geometry": {"type": "LineString", "coordinates": [[11.12163883936597, 46.09270151374965], [11.121610335322508, 46.092286366972175], [11.12160379371177, 46.09211584246608], [11.121632029173604, 46.09203218292023], [11.121637888732591, 46.091857052583535], [11.121695533398464, 46.09172034043112], [11.121805543969078, 46.091473267293885], [11.121835456300113, 46.09143333193224], [11.121922095960713, 46.09139671855598], [11.12198501731842, 46.09123365501373], [11.122091257812627, 46.091052284683194], [11.122163146975764, 46.09095906308825], [11.122210310814113, 46.090713156854875], [11.122295851154734, 46.090484039887556], [11.122408279551305, 46.09029344601624]]}}, {"type": "Feature", "properties": {"descrizione": "Strada: Salita Dalla Fior", "tipologia": "Strada", "tratto isolato ciclabile": null, "tratto isolato ciclopedonale": null, "anno": 2023, "gestione": null, "itinerario": "2", "Tipo CdS": "3.1 PRO CARR", "Ordinanza": null, "Monodirezionale": null, "intervento 2026": null, "Esist_prog": "E"}, "geometry": {"type": "LineString", "coordinates": [[11.12163883936597, 46.09270151374965], [11.121646594938074, 46.09278413490756], [11.121500525163697, 46.09335530013412], [11.121458050010936, 46.09354183509489], [11.121344731535464, 46.093889236689115], [11.121285150827184, 46.09398678808966], [11.121190798902065, 46.094204053125345], [11.121075652074904, 46.09450386111921], [11.1210283156578, 46.09460832914696], [11.120931791059506, 46.09463512532952], [11.120723668058066, 46.094652681477505], [11.120641486107091, 46.09467030965389]]}}, {"type": "Feature", "properties": {"descrizione": "Strada: Via Bassano civ. 4", "tipologia": "Strada", "tratto isolato ciclabile": null, "tratto isolato ciclopedonale": null, "anno": 2023, "gestione": null, "itinerario": "2", "Tipo CdS": "3.1 PRO CARR", "Ordinanza": null, "Monodirezionale": null, "intervento 2026": null, "Esist_prog": "E"}, "geometry": {"type": "LineString", "coordinates": [[11.122408279551305, 46.09029344601624], [11.122803989199433, 46.09037402313696]]}}, {"type": "Feature", "properties": {"descrizione": "Strada: Via degli Olivi", "tipologia": "Strada", "tratto isolato ciclabile": null, "tratto isolato ciclopedonale": null, "anno": null, "gestione": null, "itinerario": "2", "Tipo CdS": "3.1 PRO CARR", "Ordinanza": null, "Monodirezionale": null, "intervento 2026": null, "Esist_prog": "E"}, "geometry": {"type": "LineString", "coordinates": [[11.134061047021303, 46.076015741964625], [11.134046920674383, 46.07592146461235], [11.13400480051036, 46.075858859269914], [11.133941919233491, 46.07574933181819], [11.134093389352675, 46.07556605982719], [11.134389960953472, 46.07516449976933], [11.134690307435756, 46.07488437449364], [11.13495294960592, 46.07456895118316], [11.135162512895633, 46.0743408779721], [11.135472269433103, 46.074055220083544], [11.135589988107684, 46.0740789875461], [11.13574472952288, 46.07406812797565], [11.135907912580244, 46.07412457033379], [11.135965466788543, 46.07412808455616], [11.136021850667033, 46.07411802994453], [11.136068502765216, 46.07408367602236], [11.136133385991133, 46.0740056890239], [11.136178840540637, 46.07398386807844], [11.13631238727268, 46.07395598970132], [11.136430073303535, 46.07394604865332], [11.136488954345825, 46.073950437845404], [11.136549471431916, 46.07396370686156], [11.136614697525113, 46.07398840836193], [11.13666345200215, 46.07401521796844], [11.136710349231805, 46.07405421290252], [11.136756651523696, 46.07411464002562], [11.136795880701564, 46.074209581154285], [11.136810520624019, 46.07425401958747]]}}, {"type": "Feature", "properties": {"descrizione": "Percorso ciclopedonale - localita Grezzi", "tipologia": "Ciclopedonale", "tratto isolato ciclabile": null, "tratto isolato ciclopedonale": 400, "anno": null, "gestione": null, "itinerario": "4", "Tipo CdS": "2.1 PRO PED", "Ordinanza": null, "Monodirezionale": null, "intervento 2026": null, "Esist_prog": "E"}, "geometry": {"type": "LineString", "coordinates": [[11.126330344868249, 45.999299604497274], [11.126250508106347, 45.99908673664633], [11.126173191587556, 45.99890561159435], [11.125996619264193, 45.99864203089559], [11.125334878853865, 45.99814871979109], [11.124963068625243, 45.99786634966808], [11.124690933694822, 45.99766841103278], [11.124395879872061, 45.997450461674305], [11.124289141805825, 45.99735162757647]]}}, {"type": "Feature", "properties": {"descrizione": "Pista ciclabile via IV Novembre. tratto dal centro natatorio a via Feininger", "tipologia": "Ciclabile", "tratto isolato ciclabile": null, "tratto isolato ciclopedonale": null, "anno": 2024, "gestione": null, "itinerario": "4", "Tipo CdS": "1.3 PCCR marc", "Ordinanza": null, "Monodirezionale": null, "intervento 2026": "NESSUNO", "Esist_prog": "E"}, "geometry": {"type": "LineString", "coordinates": [[11.112137982220883, 46.10705949730918], [11.112084349580478, 46.1069986991107], [11.111979601260462, 46.106983057322026], [11.112024026345575, 46.106836486427895], [11.112007731061478, 46.10678672763287], [11.111929856478215, 46.106748119110534], [11.111959115277285, 46.10666376536785], [11.112027255243014, 46.10667220551759], [11.112080863010737, 46.10665182707614], [11.11211322360611, 46.10660914385308], [11.112768099221585, 46.104528841063185]]}}, {"type": "Feature", "properties": {"descrizione": "Pista ciclabile - via del Brennero (tratto dalla rotonda dei caduti di Nassirya al confine sud del parcheggio Lidl)", "tipologia": "Ciclabile", "tratto isolato ciclabile": null, "tratto isolato ciclopedonale": null, "anno": null, "gestione": null, "itinerario": "4", "Tipo CdS": "1.3 PCCR marc", "Ordinanza": null, "Monodirezionale": null, "intervento 2026": "MANUTENZIONE", "Esist_prog": "E"}, "geometry": {"type": "LineString", "coordinates": [[11.11918174516385, 46.08547171368177], [11.119180288075448, 46.085326368387534], [11.119216707796737, 46.085231004091305], [11.119321122930925, 46.084999311027914], [11.119096746847896, 46.08492920109529], [11.119628830448361, 46.0839401195153], [11.119796314713291, 46.083664232866575], [11.119835677350466, 46.08362088076449], [11.119873973228806, 46.08360173381505], [11.119920896902203, 46.08359214056161], [11.119948545514882, 46.08357765156377], [11.119973726875774, 46.083543384263876]]}}, {"type": "Feature", "properties": {"descrizione": "Percorso ciclopedonale - lungo Adige (tratto di collegamento con via Cesare Beccaria)", "tipologia": "Ciclovia PAT_Itinerario Eurovelo-Bicitalia", "tratto isolato ciclabile": null, "tratto isolato ciclopedonale": null, "anno": null, "gestione": "PAT", "itinerario": "0", "Tipo CdS": "2.1 PRO PED", "Ordinanza": null, "Monodirezionale": null, "intervento 2026": null, "Esist_prog": "E"}, "geometry": {"type": "LineString", "coordinates": [[11.091316235162115, 46.12622430978876], [11.091449209480222, 46.12614812974542], [11.092939509210995, 46.124839027193296], [11.093030044541964, 46.12480545037522], [11.093211128651621, 46.12481204737615]]}}, {"type": "Feature", "properties": {"descrizione": "Pista ciclabile - sottopasso ferrovia Brennero", "tipologia": "Ciclabile", "tratto isolato ciclabile": 200, "tratto isolato ciclopedonale": null, "anno": null, "gestione": null, "itinerario": "0", "Tipo CdS": "1.3 PCCR marc", "Ordinanza": null, "Monodirezionale": null, "intervento 2026": null, "Esist_prog": "E"}, "geometry": {"type": "LineString", "coordinates": [[11.103014927714971, 46.10076043372274], [11.103197864592593, 46.10068526234161], [11.103377854826977, 46.10068064340208], [11.104065881285626, 46.100868655166906], [11.104166682097079, 46.10074575584073], [11.10434080174043, 46.10053758119062]]}}, {"type": "Feature", "properties": {"descrizione": "Percorso ciclopedonale - via C. Menguzzato Veglia", "tipologia": "Ciclopedonale", "tratto isolato ciclabile": null, "tratto isolato ciclopedonale": 120, "anno": null, "gestione": null, "itinerario": "0", "Tipo CdS": "2.1 PRO PED", "Ordinanza": null, "Monodirezionale": null, "intervento 2026": null, "Esist_prog": "E"}, "geometry": {"type": "LineString", "coordinates": [[11.133110235856478, 46.03736436299011], [11.133294336590806, 46.03731598084199], [11.133431829621038, 46.03725750661301], [11.133554106756806, 46.03713567524863], [11.133608204721646, 46.03703286200418], [11.133739094945927, 46.037038243371384], [11.133856138580745, 46.03723219604652], [11.133888615322903, 46.03748263311629]]}}, {"type": "Feature", "properties": {"descrizione": "Percorso ciclopedonale - via al bosco della citta", "tipologia": "Ciclopedonale", "tratto isolato ciclabile": null, "tratto isolato ciclopedonale": 400, "anno": null, "gestione": null, "itinerario": "0", "Tipo CdS": "2.1 PRO PED", "Ordinanza": null, "Monodirezionale": null, "intervento 2026": null, "Esist_prog": "E"}, "geometry": {"type": "LineString", "coordinates": [[11.145503783016117, 46.036039277352685], [11.14554132602308, 46.036011680887775], [11.145598520724022, 46.03601469888259], [11.145632998917927, 46.03603801974374], [11.145628907002253, 46.036170799738784], [11.146086354657212, 46.03617039160633], [11.146103204267401, 46.0362370112431], [11.14611320297716, 46.03636514208566], [11.146048140491926, 46.03637571783875], [11.14608838289117, 46.036764594643934], [11.146310590432133, 46.0367802963868], [11.146189411326203, 46.03720581994526]]}}, {"type": "Feature", "properties": {"descrizione": "Pista ciclabile - via G. Gilli", "tipologia": "Ciclabile", "tratto isolato ciclabile": null, "tratto isolato ciclopedonale": null, "anno": null, "gestione": null, "itinerario": "4", "Tipo CdS": "1.3 PCCR marc", "Ordinanza": null, "Monodirezionale": null, "intervento 2026": "MANUTENZIONE", "Esist_prog": "E"}, "geometry": {"type": "LineString", "coordinates": [[11.119850122921118, 46.09090204428908], [11.119898460099385, 46.09077983895897], [11.118673915005532, 46.090466164797895], [11.118558442119339, 46.090435846292735], [11.11847043275947, 46.09039435148168]]}}, {"type": "Feature", "properties": {"descrizione": "Pista ciclabile - via di Madonna Bianca", "tipologia": "Ciclabile", "tratto isolato ciclabile": 120, "tratto isolato ciclopedonale": null, "anno": null, "gestione": null, "itinerario": "4", "Tipo CdS": "1.3 PCCR marc", "Ordinanza": null, "Monodirezionale": null, "intervento 2026": "MANUTENZIONE", "Esist_prog": "E"}, "geometry": {"type": "LineString", "coordinates": [[11.131717418180518, 46.03322008707327], [11.131841488580099, 46.0332373641577], [11.131924639626805, 46.03303901924854], [11.131948150056859, 46.03287942208534], [11.131993605159805, 46.032819436446715], [11.132147695228117, 46.0327690175557], [11.13223442070728, 46.0327258542686], [11.132308344077215, 46.03269442460402], [11.132369194488167, 46.03267114278532], [11.132455449085702, 46.032558666743626], [11.13237992569479, 46.032514259557196], [11.132372663854886, 46.03246080657328], [11.132456769537919, 46.03240898785795], [11.13255138699666, 46.03235336222902]]}}, {"type": "Feature", "properties": {"descrizione": "Pista ciclabile rotatoria via Detassis", "tipologia": "Ciclabile", "tratto isolato ciclabile": 145, "tratto isolato ciclopedonale": null, "anno": null, "gestione": null, "itinerario": "5", "Tipo CdS": "1.3 PCCR marc", "Ordinanza": null, "Monodirezionale": null, "intervento 2026": "MANUTENZIONE", "Esist_prog": "E"}, "geometry": {"type": "LineString", "coordinates": [[11.10808637625811, 46.09102570687658], [11.10832969265879, 46.09074260726037], [11.108381533433239, 46.090717975133025], [11.108429489086634, 46.09070454980458], [11.1084878733163, 46.09070889931846], [11.108535193434639, 46.090723123435836], [11.108666623089638, 46.09069102051614], [11.108706205949188, 46.09061128207999], [11.10873973327611, 46.09051493715747], [11.108724101198991, 46.090414789928985], [11.10870497565662, 46.09037058541763], [11.108727500300734, 46.090280144984575], [11.108791560350907, 46.09019021488178]]}}, {"type": "Feature", "properties": {"descrizione": "Percorso ciclopedonale - lungo Adige (tratto dal  ponte di Lavis allo svincolo di collegamento con via Innsbruck)", "tipologia": "Ciclovia PAT_Itinerario Eurovelo-Bicitalia", "tratto isolato ciclabile": null, "tratto isolato ciclopedonale": null, "anno": null, "gestione": "PAT", "itinerario": "1", "Tipo CdS": "2.1 PRO PED", "Ordinanza": null, "Monodirezionale": null, "intervento 2026": null, "Esist_prog": "E"}, "geometry": {"type": "LineString", "coordinates": [[11.101412672185212, 46.1313319605963], [11.096978542746198, 46.12925739364628], [11.09427007634179, 46.12806725768786], [11.091316235162115, 46.12622430978876], [11.090720800836758, 46.12585433026982], [11.090568015916944, 46.125695966972266], [11.090171593806978, 46.12578558960192], [11.089765417286165, 46.12592373691551], [11.089646426326235, 46.12590979727695], [11.089560757150842, 46.12582362197393], [11.089420507883483, 46.125519984914426], [11.08928499934736, 46.12527356191666], [11.089007682350923, 46.12495452405875], [11.088521294366862, 46.12416299322766], [11.088293252268652, 46.123903935146345], [11.087959261941212, 46.12365218470671], [11.087539540999318, 46.12338051178338], [11.087407422738059, 46.12329160215994], [11.087319255415752, 46.1232072614442], [11.087331315349255, 46.123117508397144], [11.087516070603005, 46.12289567318361], [11.087540185665766, 46.122784212004014], [11.08745930271456, 46.12263706538592], [11.087262481591159, 46.12252247784197], [11.08674700806472, 46.12237431565917], [11.086526245377996, 46.122324627669286], [11.086267828803424, 46.122300695954785], [11.08607679840893, 46.12222002307348], [11.08535424747944, 46.1217022835858], [11.084931950738163, 46.12139573027088], [11.084829850769955, 46.121214946480286], [11.084748285790347, 46.12098857439577], [11.084927964327575, 46.12036886228699], [11.08594443050355, 46.11679568489745], [11.089503951775226, 46.10455543919127], [11.09035604504611, 46.102570764650565], [11.091216874101496, 46.10062576155213], [11.091398128610576, 46.100341180248094], [11.091585366658022, 46.10022135979039], [11.092147077905157, 46.10006603198134]]}}, {"type": "Feature", "properties": {"descrizione": "Percorso ciclopedonale zona Vigolo Baselga-Terlago: tratto dall'intersezione con localit\u00e0 Brusadi all'intersezione con strada di Ariol", "tipologia": "Ciclovia PAT_Itinerario Regionale", "tratto isolato ciclabile": null, "tratto isolato ciclopedonale": null, "anno": null, "gestione": "PAT", "itinerario": "0", "Tipo CdS": "2.1 PRO PED", "Ordinanza": null, "Monodirezionale": null, "intervento 2026": null, "Esist_prog": "E"}, "geometry": {"type": "LineString", "coordinates": [[11.030126691965663, 46.079320887862266], [11.030975152758751, 46.07869271746672], [11.031157335735283, 46.07862355503896], [11.031280765867699, 46.07863124925754], [11.031393865700332, 46.07874460510166], [11.03135926379963, 46.07883421744183], [11.031205964385656, 46.07891605146227], [11.030986759735926, 46.07900894539929], [11.030858818882077, 46.07913647483298], [11.030833436324311, 46.079251468605875], [11.030842605682233, 46.07927782823902], [11.03088995160645, 46.07933946117861], [11.031060980683392, 46.07941800167654], [11.031180802050365, 46.07942411206136], [11.031290060616815, 46.079414752361544], [11.03136146694045, 46.07937804963616]]}}, {"type": "Feature", "properties": {"descrizione": "Pista ciclabile - via del Brennero (tratto dal confine sud del parcheggio Lidl al passo carraio del civ.79)", "tipologia": "Ciclopedonale", "tratto isolato ciclabile": null, "tratto isolato ciclopedonale": null, "anno": null, "gestione": null, "itinerario": "4", "Tipo CdS": "2.1 PRO PED", "Ordinanza": null, "Monodirezionale": null, "intervento 2026": "MANUTENZIONE", "Esist_prog": "E"}, "geometry": {"type": "LineString", "coordinates": [[11.119973726875774, 46.083543384263876], [11.120254355770678, 46.08304574662919]]}}, {"type": "Feature", "properties": {"descrizione": "Percorso ciclopedonale tra l'incrocio con via Caduti di Nassiriya (cavalcavia ferrovia) e l'intersezione con via Detassis", "tipologia": "Ciclopedonale", "tratto isolato ciclabile": null, "tratto isolato ciclopedonale": null, "anno": 2017, "gestione": null, "itinerario": "5", "Tipo CdS": "2.1 PRO PED", "Ordinanza": null, "Monodirezionale": null, "intervento 2026": "MANUTENZIONE", "Esist_prog": "E"}, "geometry": {"type": "LineString", "coordinates": [[11.108791560350907, 46.09019021488178], [11.11027611067619, 46.08842647153008]]}}, {"type": "Feature", "properties": {"descrizione": "Percorso ciclopedonale zona Vigolo Baselga-Terlago: tratto dall'intersezione con strada di Ariol al primo incrocio con la strada interpoderale", "tipologia": "Ciclovia PAT_Itinerario Regionale", "tratto isolato ciclabile": null, "tratto isolato ciclopedonale": null, "anno": null, "gestione": "PAT", "itinerario": "0", "Tipo CdS": "2.1 PRO PED", "Ordinanza": null, "Monodirezionale": null, "intervento 2026": null, "Esist_prog": "E"}, "geometry": {"type": "LineString", "coordinates": [[11.035321612998615, 46.07931943317289], [11.035324284546851, 46.07938967188462], [11.035448004529691, 46.079662699745825], [11.035498039291598, 46.080185902567614], [11.035597107066211, 46.080754378399995], [11.035640307726474, 46.080898641051725], [11.035865377046699, 46.081222601671854], [11.036102404264586, 46.08154964492605], [11.036441818571456, 46.08176279236893], [11.036637829792532, 46.08200486462941], [11.036888338381287, 46.08231188877678]]}}, {"type": "Feature", "properties": {"descrizione": "Percorso ciclopedonale zona Vigolo Baselga-Terlago: tratto dal secondo incrocio con la strada interpoderale al confine catastale", "tipologia": "Ciclovia PAT_Itinerario Regionale", "tratto isolato ciclabile": null, "tratto isolato ciclopedonale": null, "anno": null, "gestione": "PAT", "itinerario": "0", "Tipo CdS": "2.1 PRO PED", "Ordinanza": null, "Monodirezionale": null, "intervento 2026": null, "Esist_prog": "E"}, "geometry": {"type": "LineString", "coordinates": [[11.035893995459505, 46.08296577566097], [11.036016739092275, 46.08359810468667], [11.036101880596354, 46.08372349067726], [11.037712178049398, 46.08460906278401]]}}, {"type": "Feature", "properties": {"descrizione": "Pista ciclabile lato ovest rotatoria Bren Center", "tipologia": "Ciclabile", "tratto isolato ciclabile": 70, "tratto isolato ciclopedonale": null, "anno": null, "gestione": null, "itinerario": "0", "Tipo CdS": "1.3 PCCR marc", "Ordinanza": null, "Monodirezionale": null, "intervento 2026": null, "Esist_prog": "E"}, "geometry": {"type": "LineString", "coordinates": [[11.114807981510674, 46.092233671333645], [11.114760784827888, 46.09231967864023], [11.114709355446378, 46.09237331820735], [11.114614944349066, 46.09242179987121], [11.114538922020358, 46.092481252596464], [11.114420339266216, 46.0926584773482], [11.114358461638153, 46.092696235919405], [11.11427436979967, 46.092723689409596]]}}, {"type": "Feature", "properties": {"descrizione": "Percorso pedonale e ciclabile in via Salterio", "tipologia": "Ciclopedonale", "tratto isolato ciclabile": null, "tratto isolato ciclopedonale": null, "anno": 2016, "gestione": null, "itinerario": "0", "Tipo CdS": "2.1 PRO PED", "Ordinanza": null, "Monodirezionale": null, "intervento 2026": null, "Esist_prog": "E"}, "geometry": {"type": "LineString", "coordinates": [[11.118378819934163, 46.1015518194374], [11.117990006096651, 46.10154674002767], [11.117300150265569, 46.10158766595206], [11.117215938807579, 46.101565926883715], [11.117180309793243, 46.10152308346888], [11.117243323436023, 46.10075445469174]]}}, {"type": "Feature", "properties": {"descrizione": "Pista ciclabile - sottopasso via del Brennero", "tipologia": "Ciclabile", "tratto isolato ciclabile": null, "tratto isolato ciclopedonale": null, "anno": null, "gestione": null, "itinerario": "0", "Tipo CdS": "1.3 PCCR marc", "Ordinanza": null, "Monodirezionale": null, "intervento 2026": null, "Esist_prog": "E"}, "geometry": {"type": "LineString", "coordinates": [[11.11846012084035, 46.08593605154623], [11.118392085759934, 46.08572236261962], [11.118292702042835, 46.08561153603656], [11.118199802281096, 46.085526687685885], [11.118396377086247, 46.08521006208364], [11.118429833345731, 46.085192017062845], [11.118483543252239, 46.08518270484009], [11.118547186163232, 46.085194989258994], [11.118596899121354, 46.085215056246454], [11.118732659191169, 46.085230557422385], [11.118849060957043, 46.08520869697123], [11.118899921111591, 46.085124986484125]]}}, {"type": "Feature", "properties": {"descrizione": "Lungadige L. Braille", "tipologia": "Strada", "tratto isolato ciclabile": null, "tratto isolato ciclopedonale": null, "anno": null, "gestione": null, "itinerario": "1", "Tipo CdS": "3.1 PRO CARR", "Ordinanza": null, "Monodirezionale": null, "intervento 2026": null, "Esist_prog": "E"}, "geometry": {"type": "LineString", "coordinates": [[11.113277256315746, 46.080274557462296], [11.114065593350258, 46.079613786246036], [11.114625298325423, 46.07909296809536], [11.115049619140283, 46.07862046577907], [11.115459599406936, 46.07808765438315], [11.115751443615213, 46.07764145341775]]}}, {"type": "Feature", "properties": {"descrizione": "Lungadige L. Braille", "tipologia": "Strada", "tratto isolato ciclabile": null, "tratto isolato ciclopedonale": null, "anno": null, "gestione": null, "itinerario": "1", "Tipo CdS": "3.1 PRO CARR", "Ordinanza": null, "Monodirezionale": null, "intervento 2026": null, "Esist_prog": "E"}, "geometry": {"type": "LineString", "coordinates": [[11.113281875363533, 46.0802617364002], [11.112810925263458, 46.08050793060849], [11.105783669556294, 46.084052696186745]]}}, {"type": "Feature", "properties": {"descrizione": "Pista ciclabile - via De Gresti", "tipologia": "Ciclabile", "tratto isolato ciclabile": null, "tratto isolato ciclopedonale": null, "anno": 2023, "gestione": "", "itinerario": "0", "Tipo CdS": "1.3 PCCR marc", "Ordinanza": null, "Monodirezionale": null, "intervento 2026": null, "Esist_prog": "E"}, "geometry": {"type": "LineString", "coordinates": [[11.117781945975931, 46.08798037576429], [11.119019541835952, 46.08830272658396], [11.119058165400686, 46.08832820523146]]}}, {"type": "Feature", "properties": {"descrizione": "Pista ciclabile - via del Brennero: tratto da via De Gresti al civ. 260/H di via del Brennero", "tipologia": "Ciclabile", "tratto isolato ciclabile": null, "tratto isolato ciclopedonale": null, "anno": null, "gestione": null, "itinerario": "0", "Tipo CdS": "1.3 PCCR marc", "Ordinanza": null, "Monodirezionale": null, "intervento 2026": null, "Esist_prog": "E"}, "geometry": {"type": "LineString", "coordinates": [[11.117749531342065, 46.08785327930418], [11.118286018256683, 46.086889465528365], [11.118416683988253, 46.086740549962734]]}}, {"type": "Feature", "properties": {"descrizione": "Pista ciclabile c/o uffici comunali in via Maccani", "tipologia": "Ciclabile", "tratto isolato ciclabile": null, "tratto isolato ciclopedonale": null, "anno": null, "gestione": null, "itinerario": "0", "Tipo CdS": "1.3 PCCR marc", "Ordinanza": null, "Monodirezionale": null, "intervento 2026": null, "Esist_prog": "E"}, "geometry": {"type": "LineString", "coordinates": [[11.109895802541123, 46.090462792765926], [11.109658830022829, 46.09040912102525], [11.109338966544273, 46.09054168367124], [11.108724101198991, 46.090414789928985]]}}, {"type": "Feature", "properties": {"descrizione": "Percorso ciclopedonale - lungo Adige - tratto nord sul raccordo al casello sud A22", "tipologia": "Ciclovia PAT_Itinerario Eurovelo-Bicitalia", "tratto isolato ciclabile": null, "tratto isolato ciclopedonale": null, "anno": null, "gestione": "PAT", "itinerario": "1", "Tipo CdS": "2.1 PRO PED", "Ordinanza": null, "Monodirezionale": null, "intervento 2026": null, "Esist_prog": "E"}, "geometry": {"type": "LineString", "coordinates": [[11.122341470744072, 46.035583369448794], [11.122241761820154, 46.03557794088576], [11.122141277876846, 46.03550207821595], [11.122128098251348, 46.03537562625676], [11.12220059370113, 46.03522733062845], [11.12227201953122, 46.035136116327635], [11.123214372990192, 46.03494394831428], [11.123810563049076, 46.03481811138907], [11.124191824360196, 46.034774000586786], [11.124412391792019, 46.034755873686166], [11.124470710624708, 46.034786884758994], [11.124552298187629, 46.0352315886138], [11.124582881543875, 46.035251063746685]]}}, {"type": "Feature", "properties": {"descrizione": "Pista ciclabile sul sovrapasso alla ferrovia tra loc. Roncafort e Gardolo", "tipologia": "Ciclabile", "tratto isolato ciclabile": 420, "tratto isolato ciclopedonale": null, "anno": null, "gestione": null, "itinerario": "0", "Tipo CdS": "1.3 PCCR marc", "Ordinanza": null, "Monodirezionale": null, "intervento 2026": null, "Esist_prog": "E"}, "geometry": {"type": "LineString", "coordinates": [[11.101088143110557, 46.10477855352744], [11.101394460821052, 46.10466073555422], [11.101624418327349, 46.104547809152194], [11.101856026377881, 46.10447833053238], [11.102024385231871, 46.10438827602019], [11.1021455134371, 46.10428822048348], [11.102264988956248, 46.10414471615094], [11.102274398412819, 46.10398149786619], [11.102282982143523, 46.10379655523153], [11.10203816120422, 46.10351844795843], [11.101905370843202, 46.10335219091504], [11.101710360293227, 46.10311143073296], [11.101588260977241, 46.10291389103699], [11.101592186147318, 46.10270468757538], [11.101650753367215, 46.10250382508321], [11.101677739188965, 46.1022533257874], [11.101605822311443, 46.10200464620122], [11.101596325707295, 46.10175481796035], [11.101590958129954, 46.10161361102775], [11.101657315489554, 46.101502864472856]]}}, {"type": "Feature", "properties": {"descrizione": "Pista ciclabile - parco di Melta", "tipologia": "Ciclabile", "tratto isolato ciclabile": null, "tratto isolato ciclopedonale": null, "anno": null, "gestione": null, "itinerario": "0", "Tipo CdS": "1.3 PCCR marc", "Ordinanza": null, "Monodirezionale": null, "intervento 2026": null, "Esist_prog": "E"}, "geometry": {"type": "LineString", "coordinates": [[11.118651490920783, 46.09645889544073], [11.118728626986776, 46.09640111861442], [11.118823286515712, 46.09635281152351], [11.119040561625265, 46.096277979486544], [11.119651220963778, 46.09610369727285], [11.119902512729462, 46.09605595218015], [11.12005987208423, 46.09599901258465]]}}, {"type": "Feature", "properties": {"descrizione": "Percorso ciclopedonale presso aeroporto", "tipologia": "Ciclovia PAT_Itinerario Eurovelo-Bicitalia", "tratto isolato ciclabile": null, "tratto isolato ciclopedonale": null, "anno": null, "gestione": "PAT", "itinerario": "0", "Tipo CdS": "2.1 PRO PED", "Ordinanza": null, "Monodirezionale": null, "intervento 2026": null, "Esist_prog": "E"}, "geometry": {"type": "LineString", "coordinates": [[11.127529298381836, 46.02920970020081], [11.123638403379669, 46.02882995799043]]}}, {"type": "Feature", "properties": {"descrizione": "Percorso ciclopedonale zona Vigolo Baselga-Terlago: tratto dal confine catastale al primo incrocio della strada interpoderale di destra", "tipologia": "Ciclovia PAT_Itinerario Regionale", "tratto isolato ciclabile": null, "tratto isolato ciclopedonale": null, "anno": null, "gestione": "PAT", "itinerario": "0", "Tipo CdS": "2.1 PRO PED", "Ordinanza": null, "Monodirezionale": null, "intervento 2026": null, "Esist_prog": "E"}, "geometry": {"type": "LineString", "coordinates": [[11.042374192334307, 46.08678906621767], [11.043005671675825, 46.0864432134009]]}}, {"type": "Feature", "properties": {"descrizione": "Corsia ciclabile per doppio senso ciclabile in via delle Vecchie Pontare, tratto tra i civ. 2-2A", "tipologia": "Corsia ciclabile per doppio senso ciclabile", "tratto isolato ciclabile": null, "tratto isolato ciclopedonale": null, "anno": 2021, "gestione": null, "itinerario": "0", "Tipo CdS": "3.5 CCDS 12-ter", "Ordinanza": "276/2021", "Monodirezionale": "Mono", "intervento 2026": null, "Esist_prog": "E"}, "geometry": {"type": "LineString", "coordinates": [[11.116235502187411, 46.1231091442246], [11.116071944351711, 46.12321880013344], [11.115955135081343, 46.12328293445876], [11.11576239862074, 46.12334938600999], [11.115684970252108, 46.12338706246452], [11.115499594213754, 46.123488515506686]]}}, {"type": "Feature", "properties": {"descrizione": "Percorso ciclopedonale di collegamento tra via Pranzelores e via dei Solteri (lato nord scuola primaria Golfer)", "tipologia": "Ciclopedonale", "tratto isolato ciclabile": null, "tratto isolato ciclopedonale": null, "anno": 2022, "gestione": null, "itinerario": "0", "Tipo CdS": "2.1 PRO PED", "Ordinanza": null, "Monodirezionale": null, "intervento 2026": null, "Esist_prog": "E"}, "geometry": {"type": "LineString", "coordinates": [[11.1204759572237, 46.08847370854314], [11.119372553563402, 46.08832677094111]]}}, {"type": "Feature", "properties": {"descrizione": "Percorso ciclopedonale in via delle Palazzine nel tratto compreso tra la linea ferroviaria Trento-Male e il civ.1/B", "tipologia": "Ciclopedonale", "tratto isolato ciclabile": null, "tratto isolato ciclopedonale": null, "anno": 2019, "gestione": null, "itinerario": "0", "Tipo CdS": "2.1 PRO PED", "Ordinanza": "127/2019", "Monodirezionale": "Mono", "intervento 2026": null, "Esist_prog": "E"}, "geometry": {"type": "LineString", "coordinates": [[11.10464506072922, 46.11438437996884], [11.10515254569256, 46.11429006248884], [11.105553894650487, 46.11423794432366], [11.105674998655596, 46.11422533649495], [11.105802904912927, 46.114236612877654], [11.105916567480373, 46.11424239563544], [11.10603452396565, 46.114234482402594]]}}, {"type": "Feature", "properties": {"descrizione": "Pista ciclabile - via del Brennero: tratto dalla rotatoria del Tridente al civ. 260/H di via del Brennero", "tipologia": "Ciclabile", "tratto isolato ciclabile": null, "tratto isolato ciclopedonale": null, "anno": null, "gestione": null, "itinerario": "0", "Tipo CdS": "1.3 PCCR marc", "Ordinanza": null, "Monodirezionale": null, "intervento 2026": null, "Esist_prog": "E"}, "geometry": {"type": "LineString", "coordinates": [[11.118416683988253, 46.086740549962734], [11.118878656216499, 46.08591635694242], [11.118931201648566, 46.08585990614742], [11.119004177370158, 46.085817156261776], [11.119178180797656, 46.08577018200487], [11.119320255449209, 46.085764774543485], [11.119447570868275, 46.085778492933756], [11.119487576795072, 46.085701541916904]]}}, {"type": "Feature", "properties": {"descrizione": "Percorso ciclopedonale lungo fossa Malvasia", "tipologia": "Ciclopedonale", "tratto isolato ciclabile": null, "tratto isolato ciclopedonale": null, "anno": null, "gestione": null, "itinerario": "0", "Tipo CdS": "2.1 PRO PED", "Ordinanza": null, "Monodirezionale": null, "intervento 2026": null, "Esist_prog": "E"}, "geometry": {"type": "LineString", "coordinates": [[11.115333105235601, 46.10574169413149], [11.11545551353515, 46.10565526908192], [11.115589666727653, 46.10534153111139], [11.115639954574581, 46.10521336929003], [11.11565981613873, 46.10511635992206], [11.115640825559172, 46.105042144953075], [11.115519755601493, 46.10492360053931], [11.115368859376153, 46.10472873666013], [11.115695367034503, 46.104076756798555], [11.115714617884867, 46.10319426966351], [11.11575451677283, 46.10310888788615], [11.115853631342372, 46.10310591065426], [11.116047929230533, 46.10264489269011], [11.116210720078893, 46.10226263936189], [11.116322517973842, 46.10202224429788], [11.116475922416718, 46.101803303074654], [11.116689550408678, 46.10150616882872], [11.11689897381306, 46.10120580200943], [11.117049755431431, 46.10100724180451], [11.117243323436023, 46.10075445469174], [11.117272765402731, 46.10071192506607], [11.117154674755723, 46.10065636541668], [11.11715249895198, 46.10033135015283], [11.117292170547278, 46.10004538010541], [11.117441556282845, 46.0997449416832], [11.117574055365663, 46.099653465149096], [11.117661783645465, 46.09945951749815], [11.11766334897214, 46.099368743523385], [11.117766259858891, 46.09913391957315]]}}, {"type": "Feature", "properties": {"descrizione": "Pista ciclabile via Trener-Centochiavi: tratto su via Centochiavi (lato ovest), dal parco di Melta all\u2019intersezione con via Trener", "tipologia": "Ciclopedonale", "tratto isolato ciclabile": null, "tratto isolato ciclopedonale": null, "anno": 2024, "gestione": null, "itinerario": "2", "Tipo CdS": "2.1 PRO PED", "Ordinanza": null, "Monodirezionale": null, "intervento 2026": null, "Esist_prog": "E"}, "geometry": {"type": "LineString", "coordinates": [[11.12005987208423, 46.09599901258465], [11.120152239226169, 46.09567490184335], [11.120111443987803, 46.095606714603434]]}}, {"type": "Feature", "properties": {"descrizione": "Corsia ciclabile monodirezionale O-E lato sud via Trener: tratto tra il parco e via Centochiavi", "tipologia": "Corsia ciclabile", "tratto isolato ciclabile": null, "tratto isolato ciclopedonale": null, "anno": 2024, "gestione": null, "itinerario": "2", "Tipo CdS": "3.5 CCDS 12-ter", "Ordinanza": null, "Monodirezionale": "Mono", "intervento 2026": null, "Esist_prog": "E"}, "geometry": {"type": "LineString", "coordinates": [[11.11849118753765, 46.09555330496684], [11.118515572452813, 46.09560720159734], [11.119002993287022, 46.09580391157411], [11.119078865165504, 46.09581803260325], [11.119161688918375, 46.095795145108454], [11.120072522466184, 46.095537559830106]]}}, {"type": "Feature", "properties": {"descrizione": "Pista ciclabile via Trener-Centochiavi: tratto su via Centochiavi (lato est), dall\u2019intersezione con via Trener a Salita Dallafior", "tipologia": "Ciclabile", "tratto isolato ciclabile": null, "tratto isolato ciclopedonale": null, "anno": 2024, "gestione": null, "itinerario": "2", "Tipo CdS": "1.3 PCCR marc", "Ordinanza": null, "Monodirezionale": null, "intervento 2026": null, "Esist_prog": "E"}, "geometry": {"type": "LineString", "coordinates": [[11.120232179106146, 46.09566932187779], [11.120266364549861, 46.09549950947974], [11.120396616959756, 46.09518555720775], [11.120512947126006, 46.094908742703], [11.120607345441806, 46.09471482884273]]}}, {"type": "Feature", "properties": {"descrizione": "Pista ciclabile nel nuovo parco a Roncafort", "tipologia": "Ciclopedonale", "tratto isolato ciclabile": 12, "tratto isolato ciclopedonale": null, "anno": 2020, "gestione": null, "itinerario": "0", "Tipo CdS": "2.1 PRO PED", "Ordinanza": "1003/2020", "Monodirezionale": null, "intervento 2026": null, "Esist_prog": "E"}, "geometry": {"type": "LineString", "coordinates": [[11.103033895496797, 46.100282759059], [11.103033237350507, 46.10026545596047], [11.103169947279218, 46.10026046590857]]}}, {"type": "Feature", "properties": {"descrizione": "Pista ciclabile - via Innsbruck: tratto dall'intersezione con via di Spini a via San Sebastian", "tipologia": "Ciclabile", "tratto isolato ciclabile": null, "tratto isolato ciclopedonale": null, "anno": null, "gestione": null, "itinerario": "5", "Tipo CdS": "1.3 PCCR marc", "Ordinanza": null, "Monodirezionale": null, "intervento 2026": "NESSUNO", "Esist_prog": "E"}, "geometry": {"type": "LineString", "coordinates": [[11.089387787109514, 46.115797204250896], [11.089459341660659, 46.115441370169144], [11.08958432413745, 46.115142146278295], [11.0897459727324, 46.11487460536157], [11.090059667589134, 46.11452566339279], [11.090234234835991, 46.11432128436637], [11.09044605726711, 46.11406645399203], [11.090583761067805, 46.113848149933276], [11.090497524226475, 46.113712005437016]]}}, {"type": "Feature", "properties": {"descrizione": "Percorso ciclopedonale in via Brennero (lato ovest) nel tratto prospiciente i numeri 145-147", "tipologia": "Ciclopedonale", "tratto isolato ciclabile": null, "tratto isolato ciclopedonale": 30, "anno": 2020, "gestione": null, "itinerario": "0", "Tipo CdS": "2.1 PRO PED", "Ordinanza": "990/2020", "Monodirezionale": null, "intervento 2026": null, "Esist_prog": "E"}, "geometry": {"type": "LineString", "coordinates": [[11.115466327494374, 46.090797430987344], [11.115472007190313, 46.09083329395578], [11.115519042062298, 46.09088038056565], [11.115559562318516, 46.090926089112536], [11.115573893821328, 46.09097082513004], [11.115542391199421, 46.09104030614627]]}}, {"type": "Feature", "properties": {"descrizione": "Pista ciclabile in via Unterveger (lato nord), dall'intersezione con via Brunner all'intersezione con via Brennero", "tipologia": "Ciclabile", "tratto isolato ciclabile": 140, "tratto isolato ciclopedonale": null, "anno": 2020, "gestione": null, "itinerario": "0", "Tipo CdS": "1.1 PCSP", "Ordinanza": "990/2020", "Monodirezionale": null, "intervento 2026": null, "Esist_prog": "E"}, "geometry": {"type": "LineString", "coordinates": [[11.11386220388133, 46.090334058191594], [11.113853977403222, 46.090372426537755], [11.11386140779356, 46.090397766490774], [11.113892286225413, 46.090416677920665], [11.114110926137643, 46.090473328657104], [11.114142108112976, 46.0904720023276], [11.114176203915246, 46.09046237937343], [11.114205204804328, 46.090460344050456], [11.114251768814121, 46.090466975746395], [11.114482448172465, 46.09052864833182], [11.115466327494374, 46.090797430987344]]}}, {"type": "Feature", "properties": {"descrizione": "Pista ciclabile lottizzazione Canova: tratto su via Soprasasso tra via Paludi e via Giarette", "tipologia": "Ciclabile", "tratto isolato ciclabile": 240, "tratto isolato ciclopedonale": null, "anno": 2019, "gestione": null, "itinerario": "0", "Tipo CdS": "1.3 PCCR marc", "Ordinanza": null, "Monodirezionale": null, "intervento 2026": null, "Esist_prog": "E"}, "geometry": {"type": "LineString", "coordinates": [[11.105712060475595, 46.10450661424692], [11.105600978994394, 46.10486908419589], [11.10561366742189, 46.104943752891], [11.105631290453665, 46.105003712129644], [11.105707039911522, 46.105059399193436], [11.105780586522116, 46.1050975217399], [11.106338104307303, 46.105216615578286], [11.106478522078037, 46.10520408602577], [11.106569159391519, 46.1051491509269], [11.106656970423884, 46.10511097465022], [11.106816244425573, 46.105104303398996], [11.106996409308735, 46.10508230904154], [11.107113009990618, 46.10516338267741], [11.107049292009156, 46.10522217434375], [11.107020405705649, 46.10531003781819], [11.107080259140652, 46.105390718590066], [11.107141406736496, 46.10542931179504]]}}, {"type": "Feature", "properties": {"descrizione": "Pista ciclabile - via del Brennero, tratto tra sottopasso via caduti di Nassirya e semaforo su via Brennero", "tipologia": "Ciclopedonale", "tratto isolato ciclabile": null, "tratto isolato ciclopedonale": null, "anno": null, "gestione": null, "itinerario": "0", "Tipo CdS": "2.1 PRO PED", "Ordinanza": null, "Monodirezionale": null, "intervento 2026": null, "Esist_prog": "E"}, "geometry": {"type": "LineString", "coordinates": [[11.118899921111591, 46.085124986484125], [11.118963359819748, 46.085109652375294], [11.119008584812194, 46.08507198415285], [11.119096746847896, 46.08492920109529]]}}, {"type": "Feature", "properties": {"descrizione": "Pista ciclabile - via Caduti di Nassiriya: tratto ad est della ferrovia", "tipologia": "Ciclabile", "tratto isolato ciclabile": null, "tratto isolato ciclopedonale": null, "anno": null, "gestione": null, "itinerario": "0", "Tipo CdS": "1.3 PCCR marc", "Ordinanza": null, "Monodirezionale": null, "intervento 2026": null, "Esist_prog": "E"}, "geometry": {"type": "LineString", "coordinates": [[11.11737586693434, 46.0850193636573], [11.11777882863357, 46.08516271341658], [11.118015493995463, 46.08523945597525], [11.118247337494912, 46.08530587530578], [11.118360305495953, 46.0853260779311], [11.118449659170551, 46.085329717987605], [11.118530656924273, 46.08531385200303], [11.118586141743043, 46.085289076677455], [11.118621148519766, 46.085254722130436], [11.118641767418657, 46.08522160584681]]}}, {"type": "Feature", "properties": {"descrizione": "Percorso ciclopedonale presso bicigrill Trento sud", "tipologia": "Ciclovia PAT_Itinerario Eurovelo-Bicitalia", "tratto isolato ciclabile": null, "tratto isolato ciclopedonale": null, "anno": null, "gestione": "PAT", "itinerario": "0", "Tipo CdS": "2.1 PRO PED", "Ordinanza": null, "Monodirezionale": null, "intervento 2026": null, "Esist_prog": "E"}, "geometry": {"type": "LineString", "coordinates": [[11.12617804027323, 46.03301868417179], [11.126096162454933, 46.03305733952419], [11.12602131514651, 46.03310555680453], [11.12513920088951, 46.03330774074629], [11.124962635019509, 46.03338414872091], [11.1248549296567, 46.033489940412146], [11.124769543259104, 46.03359950690358], [11.124724577574232, 46.03371173569199], [11.124674766181448, 46.033825885762255], [11.124584525157186, 46.0338120087332], [11.124556162347426, 46.033780220796466], [11.124545629627196, 46.033645439415956], [11.12452587801568, 46.03361978097752]]}}, {"type": "Feature", "properties": {"descrizione": "Collegamento via IV Novembre con loc. Melta", "tipologia": "Ciclopedonale", "tratto isolato ciclabile": null, "tratto isolato ciclopedonale": null, "anno": null, "gestione": null, "itinerario": "0", "Tipo CdS": "2.1 PRO PED", "Ordinanza": null, "Monodirezionale": null, "intervento 2026": null, "Esist_prog": "E"}, "geometry": {"type": "LineString", "coordinates": [[11.117789251911539, 46.09911443220446], [11.117790940877285, 46.09906915505564], [11.117753992245676, 46.09905008307438], [11.11767745205578, 46.09907780736144], [11.117548911636186, 46.099095668619334], [11.115317616839059, 46.09886552618129], [11.113004142175452, 46.09861185573189], [11.112940012425955, 46.09863566465064], [11.112902220033682, 46.098676846676206], [11.112900845332161, 46.09873045269824]]}}, {"type": "Feature", "properties": {"descrizione": "Pista ciclabile - parco di Melta - collegamento con via IV Novembre", "tipologia": "Ciclabile", "tratto isolato ciclabile": null, "tratto isolato ciclopedonale": null, "anno": null, "gestione": null, "itinerario": "0", "Tipo CdS": "1.3 PCCR marc", "Ordinanza": null, "Monodirezionale": null, "intervento 2026": null, "Esist_prog": "E"}, "geometry": {"type": "LineString", "coordinates": [[11.113028968563365, 46.09722731796584], [11.113480843879339, 46.097101729391206], [11.113563629434246, 46.09718066393206], [11.113577507849968, 46.09726549763169], [11.113620472899637, 46.097346093661415], [11.113714156013678, 46.097397079610744], [11.113882261556856, 46.09743624409031]]}}, {"type": "Feature", "properties": {"descrizione": "Percorso ciclopedonale in via Untervegher, lato sud-est, nel   tratto di   marciapiede prospiciente l'accesso alla fermata della linea ferroviaria Trento-Mal\u00e8", "tipologia": "Ciclopedonale", "tratto isolato ciclabile": null, "tratto isolato ciclopedonale": 15, "anno": 2021, "gestione": null, "itinerario": "0", "Tipo CdS": "2.1 PRO PED", "Ordinanza": "394/2021", "Monodirezionale": null, "intervento 2026": null, "Esist_prog": "E"}, "geometry": {"type": "LineString", "coordinates": [[11.113141107163095, 46.090061627385225], [11.113332570863877, 46.090110122078066]]}}, {"type": "Feature", "properties": {"descrizione": "Percorso pedonale e ciclabile\" in via Brennero, lato ovest, nel tratto compreso tra l'intersezione con via Unterveger e le immediate vicinane del lato sud dell'edificio identificato dal numero civico 133 ", "tipologia": "Ciclopedonale", "tratto isolato ciclabile": null, "tratto isolato ciclopedonale": 260, "anno": 2021, "gestione": null, "itinerario": "0", "Tipo CdS": "2.1 PRO PED", "Ordinanza": "394/2021", "Monodirezionale": null, "intervento 2026": null, "Esist_prog": "E"}, "geometry": {"type": "LineString", "coordinates": [[11.11539987918136, 46.090669101206785], [11.115714899000972, 46.09059391456978], [11.116696113769182, 46.08884939909669], [11.116753024836001, 46.088823040034534], [11.116814873831641, 46.08874972894015], [11.116892093345834, 46.0886908940846]]}}, {"type": "Feature", "properties": {"descrizione": "Percorso ciclopedonale - lungo Adige - tratto sud sul raccordo al casello sud A22", "tipologia": "Ciclovia PAT_Itinerario Eurovelo-Bicitalia", "tratto isolato ciclabile": null, "tratto isolato ciclopedonale": null, "anno": null, "gestione": "PAT", "itinerario": "1", "Tipo CdS": "2.1 PRO PED", "Ordinanza": null, "Monodirezionale": null, "intervento 2026": null, "Esist_prog": "E"}, "geometry": {"type": "LineString", "coordinates": [[11.122361470290208, 46.03442055455986], [11.122232028499782, 46.034487172411865], [11.122134337498872, 46.03459365339876], [11.122020693885815, 46.03476556039647], [11.122041919359189, 46.03488379077034], [11.122155253318626, 46.03496542058401], [11.122249764935253, 46.03499157658787], [11.123131511456638, 46.034819353045606], [11.123897517723597, 46.03467718616185], [11.124403442362139, 46.03463288972751], [11.124440494457318, 46.03461789480395], [11.124441796285375, 46.03458798301374], [11.12441615938183, 46.03444192342691], [11.124395277336665, 46.034158542974716], [11.124412643401175, 46.03398867832123]]}}, {"type": "Feature", "properties": {"descrizione": "Pista ciclabile Campotrentino - Roncafort (tratto tra via Paris e sottopasso tangenziale ovest)", "tipologia": "Ciclopedonale", "tratto isolato ciclabile": null, "tratto isolato ciclopedonale": null, "anno": 2021, "gestione": null, "itinerario": "5", "Tipo CdS": "2.1 PRO PED", "Ordinanza": null, "Monodirezionale": null, "intervento 2026": "NESSUNO", "Esist_prog": "E"}, "geometry": {"type": "LineString", "coordinates": [[11.104368848619432, 46.09559431044675], [11.104379605076783, 46.095517318039164], [11.10436035077545, 46.09548827971088], [11.104355944982803, 46.095450688187384], [11.105328350093036, 46.094289379394525]]}}, {"type": "Feature", "properties": {"descrizione": "Percorso ciclopedonale posto lungo il lato nord della nuova diramazione di via Masadori che permette di raggiungere le vie Monaco e del Loghet", "tipologia": "Ciclopedonale", "tratto isolato ciclabile": null, "tratto isolato ciclopedonale": 330, "anno": 2021, "gestione": null, "itinerario": "0", "Tipo CdS": "2.1 PRO PED", "Ordinanza": "436/2021", "Monodirezionale": null, "intervento 2026": null, "Esist_prog": "E"}, "geometry": {"type": "LineString", "coordinates": [[11.092207038398355, 46.11936007049038], [11.092238274850626, 46.11932246794465], [11.092267532639754, 46.1193076137014], [11.092309468715403, 46.119308820732], [11.095732789951251, 46.12058239052531], [11.0957651415126, 46.12061166844164], [11.095786851827043, 46.12065990368678], [11.095759185124725, 46.12071669761059]]}}, {"type": "Feature", "properties": {"descrizione": "Pista ciclabile contigua al marciapiede in via Unterveger, lato sud, tratto compreso tra la fine del percorso ciclopedonale in prossimit\u00e0 dell'accesso alla fermata della linea ferroviaria Trento-Mal\u00e8 e all'intersezione con via Stenico", "tipologia": "Ciclabile", "tratto isolato ciclabile": 57, "tratto isolato ciclopedonale": null, "anno": 2021, "gestione": null, "itinerario": "0", "Tipo CdS": "1.3 PCCR marc", "Ordinanza": "394/2021", "Monodirezionale": null, "intervento 2026": null, "Esist_prog": "E"}, "geometry": {"type": "LineString", "coordinates": [[11.113332570863877, 46.090110122078066], [11.113923038146615, 46.09027246531208], [11.113943336358236, 46.09027490137697], [11.113969441249823, 46.09027066952892], [11.113979887526884, 46.090262041353824], [11.113987058154242, 46.090255816811776], [11.113997719202624, 46.09025280792136], [11.114009923184188, 46.09025492513619]]}}, {"type": "Feature", "properties": {"descrizione": "Pista ciclabile - via Caduti di Nassiriya: tratto ad ovest della ferrovia", "tipologia": "Ciclabile", "tratto isolato ciclabile": null, "tratto isolato ciclopedonale": null, "anno": null, "gestione": null, "itinerario": "0", "Tipo CdS": "1.3 PCCR marc", "Ordinanza": null, "Monodirezionale": null, "intervento 2026": null, "Esist_prog": "E"}, "geometry": {"type": "LineString", "coordinates": [[11.114850423571868, 46.084063339811], [11.11497587536286, 46.08415280414558], [11.115123344211623, 46.08421910411777], [11.115431908813497, 46.08432778842664], [11.116744195078534, 46.084794648045055]]}}, {"type": "Feature", "properties": {"descrizione": "Pista ciclabile - parco di Melta", "tipologia": "Ciclabile", "tratto isolato ciclabile": null, "tratto isolato ciclopedonale": null, "anno": null, "gestione": null, "itinerario": "0", "Tipo CdS": "1.3 PCCR marc", "Ordinanza": null, "Monodirezionale": null, "intervento 2026": null, "Esist_prog": "E"}, "geometry": {"type": "LineString", "coordinates": [[11.11379267716146, 46.09850342104978], [11.11369054254548, 46.09839226747622], [11.113698767612169, 46.098254607696006], [11.113772257333737, 46.09808025527068], [11.113775459432183, 46.09793229177601], [11.113757330010555, 46.09770189236694], [11.1137815062889, 46.09755358665322], [11.113882261556856, 46.09743624409031], [11.114071062739077, 46.097361662957404], [11.114184667938028, 46.0972635426094], [11.114242119040119, 46.09712169097365], [11.11434292910588, 46.09701780944115], [11.114483218534232, 46.09699055491014], [11.11471136652421, 46.09699559841924], [11.114992783222965, 46.097020517730755], [11.115248432042808, 46.09701092744471], [11.115575374348076, 46.096971510540996], [11.115843027078494, 46.09692332731468], [11.116171637717066, 46.096834275381894], [11.116559120918382, 46.096764085037506], [11.117276572164197, 46.09669867529626], [11.117821159411964, 46.09661349225077], [11.118178855035412, 46.09651625664066], [11.11839455106154, 46.096464824871276], [11.118651490920783, 46.09645889544073], [11.119036798419172, 46.09648804487695], [11.119423336951785, 46.09645575058964], [11.119599592875804, 46.096464656835785], [11.11969141998292, 46.09657116610126], [11.119672820846743, 46.096640878383646], [11.119597201571661, 46.096714423192935], [11.119456838751875, 46.09679841796309], [11.1193876826468, 46.09683886436089], [11.119341451649046, 46.09690969615945], [11.119366197430585, 46.09696565580233], [11.11941959419452, 46.09700482826649], [11.119566766351676, 46.097092050989836], [11.119614048951174, 46.097158298012964], [11.11964493087536, 46.09724462824221], [11.119648843957508, 46.09730394457332], [11.119611981227624, 46.09748500099695], [11.119553609183654, 46.09762851777269], [11.119485986135452, 46.09775616530701], [11.11939069151119, 46.09785935681866], [11.119324080015822, 46.09791220149145], [11.119211229526309, 46.09795668945055], [11.119059041041117, 46.09799331626374], [11.118884794484334, 46.09801242792696], [11.11869174841077, 46.09800993820384], [11.118506957977921, 46.098007854663855], [11.118291987094478, 46.09802017465207], [11.118145344246027, 46.09805738518164], [11.118021582487001, 46.0981120918981], [11.117915664369473, 46.098201119480905], [11.117853937404918, 46.09834010526938], [11.117769616727083, 46.098544816251845], [11.117722625347623, 46.098651476720576], [11.117697527507174, 46.09872819112022], [11.117703896456156, 46.098815185609], [11.117675966364187, 46.09889145250042], [11.11762690711158, 46.098932688687285], [11.117585609692032, 46.09895061019735], [11.117522785336153, 46.09895094603353], [11.117475443035227, 46.09895548101402], [11.117387226107665, 46.09894324248158], [11.117269568203513, 46.09892600009123], [11.11704759950841, 46.09891022799905], [11.11682222102746, 46.09889220641036], [11.116585718762181, 46.09886144190738], [11.116455750309486, 46.098835177776714], [11.11633054994926, 46.09875980569581], [11.116270343770072, 46.0986804549449]]}}, {"type": "Feature", "properties": {"descrizione": "Pista ciclopedonale dal civ.1/B di via Palazzine alla rotatoria Bermax", "tipologia": "Ciclopedonale", "tratto isolato ciclabile": null, "tratto isolato ciclopedonale": null, "anno": 2016, "gestione": null, "itinerario": "0", "Tipo CdS": "2.1 PRO PED", "Ordinanza": null, "Monodirezionale": null, "intervento 2026": null, "Esist_prog": "E"}, "geometry": {"type": "LineString", "coordinates": [[11.10760171965768, 46.11354656852984], [11.10744908690595, 46.11350027027817], [11.107355688605608, 46.113660496130834], [11.107322761059487, 46.113695152746985], [11.107283919721556, 46.113714505509584], [11.10723291572258, 46.11372634997564], [11.107172109266523, 46.11372862267139], [11.107110312458904, 46.11370743795467], [11.107064254775638, 46.113661257208335], [11.107048576312891, 46.11360365184687], [11.107100166726186, 46.11345818756462], [11.106855740171685, 46.11342340361419], [11.10679833270263, 46.11341626989842], [11.106737214888286, 46.113586920393345], [11.106688853098705, 46.113581415208685], [11.106751329521963, 46.11339586106634], [11.106701100480372, 46.11338056513208], [11.106453597749939, 46.11335506269039], [11.106438761871745, 46.11339811878084], [11.106429656680296, 46.11346578858042], [11.106436771518343, 46.11357608846048], [11.106299739143964, 46.113579507564424], [11.106300149134128, 46.11384292778784], [11.106272578442672, 46.11396175530108], [11.106220938159717, 46.114038610175555], [11.106093014359463, 46.11411285241224], [11.106022170674729, 46.11412933874183], [11.10603452396565, 46.114234482402594]]}}, {"type": "Feature", "properties": {"descrizione": "Percorso ciclopedonale - via Caduti di Nassiriya: tratto sopra la ferrovia", "tipologia": "Ciclopedonale", "tratto isolato ciclabile": null, "tratto isolato ciclopedonale": null, "anno": null, "gestione": null, "itinerario": "0", "Tipo CdS": "2.1 PRO PED", "Ordinanza": null, "Monodirezionale": null, "intervento 2026": null, "Esist_prog": "E"}, "geometry": {"type": "LineString", "coordinates": [[11.116744195078534, 46.084794648045055], [11.11737586693434, 46.0850193636573]]}}, {"type": "Feature", "properties": {"descrizione": "Percorso ciclopedonale via Maccani, tratto tra via Detassis e sottopasso tangenziale ovest", "tipologia": "Ciclopedonale", "tratto isolato ciclabile": null, "tratto isolato ciclopedonale": null, "anno": 2020, "gestione": null, "itinerario": "5", "Tipo CdS": "2.1 PRO PED", "Ordinanza": null, "Monodirezionale": null, "intervento 2026": "MANUTENZIONE", "Esist_prog": "E"}, "geometry": {"type": "LineString", "coordinates": [[11.105397157349886, 46.09421497391791], [11.107334018384917, 46.09194104679982], [11.10808637625811, 46.09102570687658]]}}, {"type": "Feature", "properties": {"descrizione": "Percorso ciclopedonale via Caneppele, tratto tra via Paris e via dell'Asilo", "tipologia": "Ciclopedonale", "tratto isolato ciclabile": null, "tratto isolato ciclopedonale": null, "anno": 2020, "gestione": null, "itinerario": "5", "Tipo CdS": "2.1 PRO PED", "Ordinanza": null, "Monodirezionale": null, "intervento 2026": "NESSUNO", "Esist_prog": "E"}, "geometry": {"type": "LineString", "coordinates": [[11.10179647606328, 46.101068116629264], [11.101696380157103, 46.0996717846964], [11.10167423695973, 46.09937604685531], [11.101685650842976, 46.09915214717661], [11.101718687694525, 46.09891423415291], [11.101780482458969, 46.098714092634836], [11.10183329962602, 46.098590675202665], [11.101871318196627, 46.09849944728041], [11.101981490576556, 46.09830511126234], [11.102029132327434, 46.09822107425645], [11.102154641939537, 46.098064016827884], [11.102396405246518, 46.09776218879481], [11.1032532129049, 46.096751718644576], [11.103583384445836, 46.09636222303708], [11.10387645661129, 46.09601648740191], [11.104230070469045, 46.09559872937493], [11.104255943507216, 46.095590594132574], [11.104335814485479, 46.09559409090872], [11.104368848619432, 46.09559431044675]]}}, {"type": "Feature", "properties": {"descrizione": "Percorso ciclopedonale tra via Innsbruck e loc. Roncafort ", "tipologia": "Ciclopedonale", "tratto isolato ciclabile": null, "tratto isolato ciclopedonale": null, "anno": null, "gestione": null, "itinerario": "5", "Tipo CdS": "2.1 PRO PED", "Ordinanza": null, "Monodirezionale": null, "intervento 2026": "NESSUNO", "Esist_prog": "E"}, "geometry": {"type": "LineString", "coordinates": [[11.096066641720181, 46.10190693094509], [11.0962529407071, 46.10193923340352], [11.096275257222558, 46.1019438693183], [11.096555184686258, 46.10201601235095], [11.097147878317344, 46.102267278871786], [11.099090435361193, 46.1031497817732], [11.099503382541993, 46.10333706504753], [11.099619662154117, 46.10344048063995], [11.09970530171303, 46.10350605864852], [11.099797608205048, 46.1035430848344]]}}, {"type": "Feature", "properties": {"descrizione": "Percorso ciclopedonale di collegamento tra via ai Castagnari e via di Santa Brigida", "tipologia": "Ciclopedonale", "tratto isolato ciclabile": null, "tratto isolato ciclopedonale": 70, "anno": null, "gestione": null, "itinerario": "0", "Tipo CdS": "2.1 PRO PED", "Ordinanza": null, "Monodirezionale": null, "intervento 2026": null, "Esist_prog": "E"}, "geometry": {"type": "LineString", "coordinates": [[11.105296533531106, 46.01731789226802], [11.105332687288389, 46.017414862948456], [11.105289872799979, 46.01750257266262], [11.105212014825057, 46.01765760703054], [11.105215618561239, 46.01793259103327]]}}, {"type": "Feature", "properties": {"descrizione": "Percorso ciclopedonale di collegamento tra la ciclovia PAT lungo l'Adige e via Innsbruck", "tipologia": "Ciclovia PAT_Itinerario Eurovelo-Bicitalia", "tratto isolato ciclabile": null, "tratto isolato ciclopedonale": null, "anno": null, "gestione": "PAT", "itinerario": "0", "Tipo CdS": "2.1 PRO PED", "Ordinanza": null, "Monodirezionale": null, "intervento 2026": null, "Esist_prog": "E"}, "geometry": {"type": "LineString", "coordinates": [[11.092147077905157, 46.10006603198134], [11.092110355571313, 46.100149970150206], [11.091901660432766, 46.10028092830074], [11.091539267775639, 46.100465733584095], [11.09145292537481, 46.10053088259446], [11.09138736426493, 46.10066906824649], [11.09148023894582, 46.10081062104987], [11.091610616223857, 46.10085479155059], [11.092493105677697, 46.10118333503118], [11.09265631508956, 46.10117676453243], [11.092722180120507, 46.10113168695827], [11.092950973025966, 46.10066461024062], [11.093102533852262, 46.10052037158287], [11.093268669445079, 46.10050872325024], [11.093599668244783, 46.10046112467611], [11.093771417577786, 46.100782087067664], [11.094114296714631, 46.10106768087168], [11.09450130911489, 46.10122711833868], [11.094821438189145, 46.10131973568071], [11.095075559621812, 46.101300750880945]]}}, {"type": "Feature", "properties": {"descrizione": "Percorso ciclopedonale - lungo Adige (tratto da via Innsbruck a sottopasso A22)", "tipologia": "Ciclovia PAT_Itinerario Eurovelo-Bicitalia", "tratto isolato ciclabile": null, "tratto isolato ciclopedonale": null, "anno": null, "gestione": "PAT", "itinerario": "1", "Tipo CdS": "2.1 PRO PED", "Ordinanza": null, "Monodirezionale": null, "intervento 2026": null, "Esist_prog": "E"}, "geometry": {"type": "LineString", "coordinates": [[11.092147077905157, 46.10006603198134], [11.092280044178176, 46.099892812441574], [11.09240711174406, 46.0996252441319], [11.092432606245998, 46.09943735468486], [11.09299905724344, 46.09694810675379], [11.093126528969748, 46.09662106482879], [11.093571371142868, 46.095816069779715], [11.093825093821385, 46.09544731896113], [11.09445531375517, 46.094496783937], [11.094896007550634, 46.09413130740219], [11.095780261075989, 46.09315762398271], [11.096004408241807, 46.092869393603664], [11.096184828114522, 46.0925592832987], [11.096286331626235, 46.09229479035312], [11.096711517416102, 46.09129018563269], [11.096987303723497, 46.09087088398627], [11.097433981958794, 46.090252665297754], [11.097772969929753, 46.08982623252824], [11.09867040711634, 46.088743709133674], [11.098905991576416, 46.08853166442024], [11.099050445605556, 46.088404857850044], [11.099132277384719, 46.08830068963089], [11.09949322426094, 46.087956218724464], [11.099608037327428, 46.08786218807691], [11.099732858888595, 46.08771544720765], [11.099828505511304, 46.08758914036524], [11.100413411814186, 46.08706784877637], [11.10068250147726, 46.08683489015431], [11.10097320434088, 46.086628990311034], [11.1012464056405, 46.086459224901624], [11.10178518288508, 46.086144901693224], [11.102800292141206, 46.085589023520804], [11.104062995568489, 46.0849127804233], [11.104250116454427, 46.08482576983748], [11.104424293139497, 46.084759291578756], [11.10461475092038, 46.08466983137422], [11.104832048084017, 46.08456435729192], [11.105245795061332, 46.08434662935832], [11.105409364987642, 46.08427198859102], [11.10569535877309, 46.08412346469388], [11.105783669556294, 46.084052696186745]]}}, {"type": "Feature", "properties": {"descrizione": "Strada: Lungavisio Luigi Tomasi", "tipologia": "Strada", "tratto isolato ciclabile": null, "tratto isolato ciclopedonale": null, "anno": null, "gestione": null, "itinerario": "1", "Tipo CdS": "3.3 IC F-bis", "Ordinanza": null, "Monodirezionale": null, "intervento 2026": null, "Esist_prog": "E"}, "geometry": {"type": "LineString", "coordinates": [[11.110020271427206, 46.134590347843094], [11.105022381264568, 46.132938449956406], [11.10401937508716, 46.132572518413525], [11.102579533627786, 46.13189555440223], [11.102419825980958, 46.13177761825454], [11.102163255122608, 46.1316452633643], [11.101519973591087, 46.131352254268116], [11.101412672185212, 46.1313319605963]]}}, {"type": "Feature", "properties": {"descrizione": "Strada: Via del Brennero", "tipologia": "Strada", "tratto isolato ciclabile": null, "tratto isolato ciclopedonale": null, "anno": null, "gestione": null, "itinerario": "4", "Tipo CdS": "3.1 PRO CARR", "Ordinanza": null, "Monodirezionale": null, "intervento 2026": null, "Esist_prog": "E"}, "geometry": {"type": "LineString", "coordinates": [[11.122160816118551, 46.07965571915868], [11.121967957438574, 46.08005300769761]]}}, {"type": "Feature", "properties": {"descrizione": "Strada: Via L. Caneppele", "tipologia": "Strada", "tratto isolato ciclabile": null, "tratto isolato ciclopedonale": null, "anno": null, "gestione": null, "itinerario": "5", "Tipo CdS": "3.1 PRO CARR", "Ordinanza": null, "Monodirezionale": null, "intervento 2026": null, "Esist_prog": "E"}, "geometry": {"type": "LineString", "coordinates": [[11.101657315489561, 46.101502864472906], [11.101735317708235, 46.10149265709062], [11.10180839180554, 46.10145013946743], [11.101867338936346, 46.10136964925287], [11.101864173338438, 46.10128638039639], [11.101836664576311, 46.101230027967176], [11.101802926973651, 46.101158105015685], [11.10179647606328, 46.101068116629264]]}}, {"type": "Feature", "properties": {"descrizione": "Strada: Localit\u00e0 Roncafort", "tipologia": "Strada", "tratto isolato ciclabile": null, "tratto isolato ciclopedonale": null, "anno": null, "gestione": null, "itinerario": "5", "Tipo CdS": "3.1 PRO CARR", "Ordinanza": null, "Monodirezionale": null, "intervento 2026": null, "Esist_prog": "E"}, "geometry": {"type": "LineString", "coordinates": [[11.099797608205048, 46.1035430848344], [11.099897679203734, 46.10358045840063], [11.09996833725521, 46.10358553181903], [11.100025315662961, 46.10356438803344], [11.100320724046421, 46.103290350754456], [11.101484695519208, 46.10161907166264], [11.101657315489561, 46.101502864472906]]}}, {"type": "Feature", "properties": {"descrizione": "Percorso ciclopedonale - lungo Adige (tratto sx tra il ponte per lo svincolo dell'A22 e il confine comunale sud)", "tipologia": "Ciclovia PAT_Itinerario Eurovelo-Bicitalia", "tratto isolato ciclabile": null, "tratto isolato ciclopedonale": null, "anno": null, "gestione": "PAT", "itinerario": "1", "Tipo CdS": "2.1 PRO PED", "Ordinanza": null, "Monodirezionale": null, "intervento 2026": null, "Esist_prog": "E"}, "geometry": {"type": "LineString", "coordinates": [[11.124582881543875, 46.035251063746685], [11.124616045830008, 46.03524341233789], [11.124647755109585, 46.035156648237475], [11.124600506516742, 46.03486124589991], [11.124498301297935, 46.03440431173398], [11.12446621051042, 46.0341500420995], [11.1244529111501, 46.0340426426042], [11.124412643401175, 46.03398867832123], [11.12447381171196, 46.03377239902559], [11.12452587801568, 46.03361978097752], [11.124574908619106, 46.03347606049854], [11.124627609688686, 46.03289406554469], [11.124632376712977, 46.03268909281677], [11.124604302219902, 46.03235195189735], [11.124536800232397, 46.031970017669295], [11.123970631507618, 46.030323919343324], [11.123671639138415, 46.029104131027196], [11.123638403379669, 46.02882995799043], [11.123614057531851, 46.02660873112621], [11.123640956537725, 46.02477088507127], [11.123681900208847, 46.02229735796737], [11.123654678874844, 46.021114286076134], [11.123722570816833, 46.017878071934135], [11.123711748575937, 46.01672762896461], [11.12369313442535, 46.01537416134097], [11.123590674504548, 46.015029388936824], [11.123584834019905, 46.013134818412894], [11.123592810150402, 46.010908896270024], [11.123620758257898, 46.01079010635591], [11.123723377733214, 46.010339078980834], [11.123741977808157, 46.01028927067546], [11.123815229115374, 46.010241304191695], [11.124069438036303, 46.010049719471155], [11.124232163225923, 46.00988313767198], [11.12435786299966, 46.00973834817117], [11.124389874793021, 46.00965157816349], [11.124381061114585, 46.009553256669314], [11.124250069027596, 46.009230338981716], [11.124156931262116, 46.00907203205316], [11.123941800998317, 46.00859503631494], [11.123764357299054, 46.00827825766089], [11.12369558713988, 46.008195999387226], [11.123614190518074, 46.00814651114944], [11.123586329455362, 46.008110976368144], [11.123577274384987, 46.00805574664745], [11.123571312479966, 46.00702683025488], [11.123672643536173, 46.00681977045839], [11.123631334879414, 46.00629398108955], [11.123356332883699, 46.00559361392646], [11.123255535387658, 46.00533322387284], [11.122735924791582, 46.001782171404265], [11.122101166782222, 45.99720250856258], [11.121925987389826, 45.99645715399314], [11.121577650624328, 45.99546295587711], [11.12074102249486, 45.99393619486908], [11.118108278677601, 45.98990344387301], [11.115071008951922, 45.98669645706691], [11.114500400285115, 45.98608395545005], [11.11386043237364, 45.98539648031545], [11.113728351467646, 45.985150465567685], [11.113646174625663, 45.985034101457245], [11.113519691140592, 45.98493247621339], [11.113301887860437, 45.9848187618889], [11.11306873211095, 45.984564584156374], [11.112475193046096, 45.98396670938775], [11.111965357809858, 45.98342016298863], [11.111490216818849, 45.982841033294], [11.111163956474165, 45.98233371515922]]}}, {"type": "Feature", "properties": {"descrizione": "Pista ciclabile - via Sant'Anna", "tipologia": "Ciclabile", "tratto isolato ciclabile": null, "tratto isolato ciclopedonale": null, "anno": null, "gestione": null, "itinerario": "4", "Tipo CdS": "1.3 PCCR marc", "Ordinanza": null, "Monodirezionale": null, "intervento 2026": "MANUTENZIONE", "Esist_prog": "E"}, "geometry": {"type": "LineString", "coordinates": [[11.110079920439087, 46.110361474132574], [11.109754306036324, 46.11081201521079], [11.109211978805748, 46.11174347305266], [11.108984959055542, 46.11203667611964], [11.107896430691335, 46.1132153392616], [11.10760171965768, 46.11354656852984]]}}, {"type": "Feature", "properties": {"descrizione": "Percorso ciclopedonale tra San Lazzaro e svincolo Meano", "tipologia": "Ciclopedonale", "tratto isolato ciclabile": null, "tratto isolato ciclopedonale": null, "anno": null, "gestione": null, "itinerario": "4", "Tipo CdS": "2.1 PRO PED", "Ordinanza": null, "Monodirezionale": null, "intervento 2026": "MANUTENZIONE", "Esist_prog": "E"}, "geometry": {"type": "LineString", "coordinates": [[11.111553959844604, 46.13375426906985], [11.11156466029896, 46.13371437484719], [11.111558069117955, 46.133662761951875], [11.111527019830042, 46.133512019798445], [11.111531618792457, 46.133467234675656], [11.111551165629129, 46.13341617296077], [11.111587274663941, 46.13338127141366], [11.111641616845954, 46.133352153279176], [11.111696715180143, 46.133339707761735], [11.111875258919621, 46.13333763112414], [11.112273955103282, 46.13332922572589], [11.11280201455452, 46.13328120717481], [11.113418866887734, 46.13321777629405], [11.113670839200132, 46.1331768993467], [11.11380125334243, 46.133098858292215], [11.113881789076803, 46.13301047969022], [11.113883966114068, 46.132916545195314], [11.1138386116519, 46.13279615217832], [11.113711767000144, 46.13243541167455], [11.113686004550882, 46.132380450460104], [11.113568721953548, 46.13212785287496], [11.113146996964755, 46.13116973551255], [11.112872536976582, 46.13061131773478], [11.112672374755341, 46.13013627386426], [11.112408108072042, 46.12964499621643], [11.112326983581365, 46.1295178591074], [11.112165814293403, 46.12936344909593], [11.11197714227389, 46.12903413879948], [11.11200931749118, 46.12895070253503], [11.111835748135373, 46.12846079742633], [11.11170163161034, 46.127952850535685], [11.111664222144734, 46.12761130121349], [11.111422046445226, 46.126893929497356], [11.111308754875807, 46.126538352521045], [11.111247134435569, 46.12643392142566], [11.111115649536448, 46.126311840345494], [11.111004817858676, 46.126162672858875], [11.11090351662429, 46.12604211235666], [11.110776160473664, 46.12593848397075], [11.110719131039357, 46.125912818444526], [11.110646069174306, 46.12589601948901], [11.110488547416855, 46.12589211509415], [11.110262527970635, 46.125929994347516], [11.110121013227817, 46.125931750604224], [11.109906561594142, 46.12589471808508], [11.109811449448436, 46.12586413031666], [11.109744176338175, 46.125811647602845], [11.109499217118579, 46.125540639980095], [11.10942126005974, 46.12543301464656], [11.109329969797137, 46.1253011248264], [11.10921375604619, 46.125070401823535], [11.109212710560113, 46.12451443614923], [11.109220864745659, 46.12410895362932], [11.109053283041682, 46.12365401665266], [11.108930273885079, 46.123195614470106], [11.108917414076712, 46.123112906663955], [11.10885370853617, 46.122905062263534], [11.108434068752421, 46.12089026469075], [11.108143961758774, 46.11953828757047], [11.108009793293077, 46.11935914118141], [11.107931848045126, 46.11797582969706], [11.107874079905754, 46.11726725737186], [11.107869117189122, 46.117167414365305], [11.107888441270024, 46.1169876435308]]}}, {"type": "Feature", "properties": {"descrizione": "Percorso ciclopedonale tra San Lazzaro e svincolo Meano: tratto sulla rotatoria svincolo via Sponda Trentina", "tipologia": "Ciclabile", "tratto isolato ciclabile": null, "tratto isolato ciclopedonale": null, "anno": null, "gestione": null, "itinerario": "4", "Tipo CdS": "2.1 PRO PED", "Ordinanza": null, "Monodirezionale": null, "intervento 2026": "NESSUNO", "Esist_prog": "E"}, "geometry": {"type": "LineString", "coordinates": [[11.111553959844604, 46.13375426906985], [11.111514927519467, 46.133803504472425], [11.111445170548892, 46.13386798947383], [11.111391755191383, 46.133936500944586], [11.111384359711526, 46.134036192808246], [11.111385883351112, 46.13412489863744], [11.111275170115073, 46.134191133276694], [11.111220562448592, 46.13420586622662], [11.11094101502558, 46.134157141537166], [11.110958923912237, 46.134104435977335], [11.110935196922572, 46.13405379818759], [11.110897625009642, 46.13400579077976], [11.110891707564086, 46.1339585092297], [11.110903316410658, 46.13387129217028], [11.11090639851619, 46.13383790587845], [11.110853165279238, 46.13378088760498], [11.11084478387167, 46.13374078751369]]}}, {"type": "Feature", "properties": {"descrizione": "Pista ciclopedonale dall'ex svincolo per Meano alla rotatoria Bermax", "tipologia": "Ciclopedonale", "tratto isolato ciclabile": null, "tratto isolato ciclopedonale": null, "anno": 2016, "gestione": null, "itinerario": "4", "Tipo CdS": "2.1 PRO PED", "Ordinanza": null, "Monodirezionale": null, "intervento 2026": "MANUTENZIONE", "Esist_prog": "E"}, "geometry": {"type": "LineString", "coordinates": [[11.107888441270024, 46.1169876435308], [11.108004260722788, 46.11692580386205], [11.108018155176943, 46.11686905379853], [11.107811284449234, 46.116642443419416], [11.107707193551747, 46.116530383216215], [11.107633498435112, 46.11642506976666], [11.107560571419882, 46.116302753221646], [11.10754118877954, 46.11625856906896], [11.10750012052886, 46.1161761039795], [11.10747541709845, 46.11612498506144], [11.107448001993479, 46.11604695671528], [11.107416765107576, 46.11593500651642], [11.107364365925685, 46.115515491259394], [11.10729695768699, 46.11500058190226], [11.107267932207922, 46.114887369771246], [11.107419748729306, 46.11482390010316], [11.107452782378594, 46.11479248599325], [11.107433907207364, 46.11470169980468], [11.10737077418558, 46.11457804772212], [11.107319199819939, 46.11449463488498], [11.10727578645814, 46.114413362635666], [11.107271466255337, 46.11431392163289], [11.107269682025285, 46.11426711493802], [11.107277176350369, 46.11421112413947], [11.107298058974365, 46.11418167156211], [11.107320212965817, 46.11416121673693], [11.107376921445791, 46.11414541231839], [11.107431887663738, 46.11414352990502], [11.10743147208491, 46.11405662550813], [11.107369533213822, 46.114040501571424], [11.107311703777485, 46.11399989609378], [11.107311301061072, 46.113952346699065], [11.107333140295088, 46.11391516188236], [11.107382718861167, 46.1138755017408], [11.107413647203957, 46.11383355735262], [11.10747872698769, 46.11372758189572], [11.10760171965768, 46.11354656852984]]}}, {"type": "Feature", "properties": {"descrizione": "Pista ciclopedonale - Trento nord-Gardolo - competenza PAT", "tipologia": "Ciclopedonale", "tratto isolato ciclabile": null, "tratto isolato ciclopedonale": null, "anno": null, "gestione": null, "itinerario": "4", "Tipo CdS": "2.1 PRO PED", "Ordinanza": null, "Monodirezionale": null, "intervento 2026": "MANUTENZIONE", "Esist_prog": "E"}, "geometry": {"type": "LineString", "coordinates": [[11.112740185309033, 46.09750449169273], [11.11277173796377, 46.097377669283325], [11.112902751129308, 46.097281677597344], [11.113028968563365, 46.09722731796584], [11.112995751620275, 46.09717467477089], [11.112917711801366, 46.09703758401351], [11.112910133414102, 46.09695132661423], [11.112929745414291, 46.09684818063127], [11.113004758152318, 46.096289678101705], [11.113062144354014, 46.09616646850919], [11.113150238131482, 46.09595033492688], [11.113221564402547, 46.09591177537004], [11.11338041104382, 46.09592224375141], [11.114022808981968, 46.09603548676802], [11.114594051554162, 46.09591170502846], [11.114713734896938, 46.09584990533542], [11.114864578201635, 46.095707089621285], [11.114940851134842, 46.0955179864793], [11.114928853044358, 46.09537222647009], [11.114802691094086, 46.09515260938872], [11.114710014066834, 46.09502472842471], [11.114661211317081, 46.094924337994385], [11.114662929060593, 46.094857273596354], [11.114751028219022, 46.09480946494866], [11.114877322285897, 46.09480861686197], [11.115195692965177, 46.0948474116125], [11.115485476115229, 46.094922485524854], [11.116075945783239, 46.095021782344695], [11.116961019441998, 46.09516812671545], [11.117468272472234, 46.09525302337701]]}}, {"type": "Feature", "properties": {"descrizione": "Pista ciclabile via 4 Novembre: tratto da via Talvera al civ.109", "tipologia": "Ciclabile", "tratto isolato ciclabile": null, "tratto isolato ciclopedonale": null, "anno": null, "gestione": null, "itinerario": "4", "Tipo CdS": "1.3 PCCR marc", "Ordinanza": null, "Monodirezionale": null, "intervento 2026": "MANUTENZIONE", "Esist_prog": "E"}, "geometry": {"type": "LineString", "coordinates": [[11.112740185309033, 46.09750449169273], [11.11273850844915, 46.09841823047411], [11.112781053062864, 46.09848183195832], [11.112783244663209, 46.098556977104344], [11.112765627711877, 46.0985906818474], [11.112776618498993, 46.099459800513614], [11.112755343616636, 46.09986960150557], [11.112801216229977, 46.10087285959736], [11.112823612710686, 46.10173908999201], [11.112829612855775, 46.102465300616224], [11.11283741547579, 46.102811766792875], [11.112841659300212, 46.103117762783704], [11.112854152036547, 46.103516499807014], [11.1128645932345, 46.10378524897631]]}}, {"type": "Feature", "properties": {"descrizione": "Percorso ciclopedonale via 4 Novembre: tratto tra via Talvera e la piscina comunale", "tipologia": "Ciclopedonale", "tratto isolato ciclabile": null, "tratto isolato ciclopedonale": null, "anno": null, "gestione": null, "itinerario": "4", "Tipo CdS": "2.1 PRO PED", "Ordinanza": null, "Monodirezionale": null, "intervento 2026": "MANUTENZIONE", "Esist_prog": "E"}, "geometry": {"type": "LineString", "coordinates": [[11.1128645932345, 46.10378524897631], [11.112861049571121, 46.104132752419204], [11.112768099221585, 46.104528841063185]]}}, {"type": "Feature", "properties": {"descrizione": "Strada E-bis via Feininger", "tipologia": "Strada ciclabile urbana", "tratto isolato ciclabile": null, "tratto isolato ciclopedonale": null, "anno": 2024, "gestione": null, "itinerario": "4", "Tipo CdS": "3.2 SUC E-bis", "Ordinanza": null, "Monodirezionale": null, "intervento 2026": "NESSUNO", "Esist_prog": "E"}, "geometry": {"type": "LineString", "coordinates": [[11.111656576399614, 46.10818736050282], [11.111687559870875, 46.10803497638652], [11.111977276782435, 46.10714971010117], [11.11200201001858, 46.10708019356025]]}}, {"type": "Feature", "properties": {"descrizione": "Pista ciclabile - via R. Guardini", "tipologia": "Ciclabile", "tratto isolato ciclabile": null, "tratto isolato ciclopedonale": null, "anno": null, "gestione": null, "itinerario": "4", "Tipo CdS": "1.3 PCCR marc", "Ordinanza": null, "Monodirezionale": null, "intervento 2026": "MANUTENZIONE", "Esist_prog": "E"}, "geometry": {"type": "LineString", "coordinates": [[11.117468272472234, 46.09525302337701], [11.117500341750647, 46.09517350489379], [11.117449635494351, 46.09514858529104], [11.117425837153373, 46.095121701315584], [11.11765175757132, 46.094689025992004], [11.117995683292314, 46.09402328595168], [11.11808011030527, 46.09399835593943], [11.11811777584669, 46.093896871851676], [11.118095639124403, 46.09385391859916], [11.118233039709077, 46.09357732889846], [11.118754460435344, 46.09256772259108], [11.11884435321508, 46.09252209786008], [11.118874924679305, 46.09247321705746], [11.118899626233121, 46.09241969292768], [11.11886439241831, 46.09236173612929], [11.118969682322115, 46.09215345955769], [11.119110972505249, 46.091889469062984], [11.119295322869093, 46.0915312200784], [11.119526716576411, 46.09109535043921], [11.119587344954377, 46.09104187236359], [11.119663227500952, 46.09100205110102], [11.119796070989256, 46.0909782016172], [11.119822374238352, 46.09095660545041], [11.119850122921118, 46.09090204428908]]}}, {"type": "Feature", "properties": {"descrizione": "Pista ciclabile - via A. Pranzelores", "tipologia": "Ciclabile", "tratto isolato ciclabile": null, "tratto isolato ciclopedonale": null, "anno": null, "gestione": null, "itinerario": "4", "Tipo CdS": "1.3 PCCR marc", "Ordinanza": null, "Monodirezionale": null, "intervento 2026": "MANUTENZIONE", "Esist_prog": "E"}, "geometry": {"type": "LineString", "coordinates": [[11.11847043275947, 46.09039435148168], [11.118432389601251, 46.09033494624788], [11.118503489054767, 46.090213010193864], [11.11860732199483, 46.090054182037456], [11.118679957410095, 46.08992445457942], [11.118750881762804, 46.08976587675874], [11.119004749484857, 46.08931013657092], [11.119295355081116, 46.0884364094311], [11.119567882102242, 46.08778577518034], [11.119933263756923, 46.08711139785199], [11.120269060742741, 46.086510297732346], [11.120406716714404, 46.0862904950288], [11.120498096014266, 46.08611426794201], [11.120507023498606, 46.08605045822948], [11.120433255288624, 46.085967080035246], [11.119487576795072, 46.085701541916904], [11.119304813775278, 46.085622860742085], [11.11918174516385, 46.08547171368177]]}}, {"type": "Feature", "properties": {"descrizione": "Strada E-bis via Sant'Anna: tratto da rotatoria Bermax al civ.7", "tipologia": "Strada ciclabile urbana", "tratto isolato ciclabile": null, "tratto isolato ciclopedonale": null, "anno": 2024, "gestione": null, "itinerario": "4", "Tipo CdS": "3.2 SUC E-bis", "Ordinanza": null, "Monodirezionale": null, "intervento 2026": "NESSUNO", "Esist_prog": "E"}, "geometry": {"type": "LineString", "coordinates": [[11.107453464185687, 46.11362012142813], [11.107568964797597, 46.11347153982779], [11.107870381189658, 46.1131319263679], [11.108977982916407, 46.11194513205539], [11.109083690902226, 46.11179422878634], [11.109742326122253, 46.11072416103736], [11.110028888300128, 46.11034094024976]]}}, {"type": "Feature", "properties": {"descrizione": "Pista ciclabile - via di Madonna Bianca", "tipologia": "Ciclabile", "tratto isolato ciclabile": 180, "tratto isolato ciclopedonale": null, "anno": null, "gestione": null, "itinerario": "4", "Tipo CdS": "1.3 PCCR marc", "Ordinanza": null, "Monodirezionale": null, "intervento 2026": "MANUTENZIONE", "Esist_prog": "E"}, "geometry": {"type": "LineString", "coordinates": [[11.131717418180518, 46.03322008707327], [11.131721072328087, 46.0331632049861], [11.13167312527799, 46.03309015685229], [11.131599159436535, 46.03305306505829], [11.131637945251011, 46.03299001662011], [11.13172784195472, 46.032841522515454], [11.131695670628833, 46.03276198170221], [11.131652286315916, 46.03267841439161], [11.13155354124689, 46.032624742348354], [11.131594413964915, 46.032571466852055], [11.131631327042687, 46.03251876262416], [11.131657698603693, 46.032450258404545], [11.131733323466747, 46.032363997361365], [11.131752738275543, 46.03231418777426], [11.131838228608679, 46.03223170891295], [11.131945178245374, 46.03228661730735], [11.13200676667292, 46.03230938708121], [11.132136964714245, 46.03232629985954], [11.132294488141383, 46.03232951216939], [11.132411368600955, 46.032294396788075], [11.132514670978324, 46.0321845565297]]}}, {"type": "Feature", "properties": {"descrizione": "Pista ciclabile - via Cesare Becacria: tratto da via Monaco a capannone ditta autotrasporti", "tipologia": "Ciclabile", "tratto isolato ciclabile": null, "tratto isolato ciclopedonale": null, "anno": null, "gestione": null, "itinerario": "5", "Tipo CdS": "1.3 PCCR marc", "Ordinanza": null, "Monodirezionale": null, "intervento 2026": "NESSUNO", "Esist_prog": "E"}, "geometry": {"type": "LineString", "coordinates": [[11.093748394364239, 46.123363316109476], [11.093614905105015, 46.123491147084174], [11.09348453948374, 46.123644373781715], [11.093413864585052, 46.12386019267763], [11.09338338533063, 46.12398632436371], [11.093409307424917, 46.12414402204998], [11.093410912585792, 46.124247865985765]]}}, {"type": "Feature", "properties": {"descrizione": "Strada E-bis piazza della Libert\u00e0", "tipologia": "Strada ciclabile urbana", "tratto isolato ciclabile": null, "tratto isolato ciclopedonale": null, "anno": 2024, "gestione": null, "itinerario": "4", "Tipo CdS": "3.2 SUC E-bis", "Ordinanza": null, "Monodirezionale": null, "intervento 2026": "NESSUNO", "Esist_prog": "E"}, "geometry": {"type": "LineString", "coordinates": [[11.111656576399614, 46.10818736050282], [11.111634999353345, 46.10825135540585], [11.111578398410185, 46.10841922625262], [11.11153174409441, 46.10855759598058], [11.111435377826865, 46.10878050612376]]}}, {"type": "Feature", "properties": {"descrizione": "Strada E-bis via Sant'Anna: tratto dal civ.7 a piazza della Libert\u00e0", "tipologia": "Strada ciclabile urbana", "tratto isolato ciclabile": null, "tratto isolato ciclopedonale": null, "anno": 2024, "gestione": null, "itinerario": "4", "Tipo CdS": "3.2 SUC E-bis", "Ordinanza": null, "Monodirezionale": null, "intervento 2026": "NESSUNO", "Esist_prog": "E"}, "geometry": {"type": "LineString", "coordinates": [[11.110433043481402, 46.10987866031491], [11.110983079443097, 46.10936631478521], [11.111363284544726, 46.108883159507066], [11.111435377826865, 46.10878050612376]]}}, {"type": "Feature", "properties": {"descrizione": "Strada E-bis via Sant'Anna: tratto da rotatoria Bermax al civ.7", "tipologia": "Strada ciclabile urbana", "tratto isolato ciclabile": null, "tratto isolato ciclopedonale": null, "anno": 2024, "gestione": null, "itinerario": "4", "Tipo CdS": "3.2 SUC E-bis", "Ordinanza": null, "Monodirezionale": null, "intervento 2026": "NESSUNO", "Esist_prog": "E"}, "geometry": {"type": "LineString", "coordinates": [[11.110028888300128, 46.11034094024976], [11.110433043481402, 46.10987866031491]]}}, {"type": "Feature", "properties": {"descrizione": "Pista ciclabile - via Innsbruck: tratto da via San Sebastian al civ. 37 di via Innsbruck", "tipologia": "Ciclabile", "tratto isolato ciclabile": null, "tratto isolato ciclopedonale": null, "anno": null, "gestione": null, "itinerario": "5", "Tipo CdS": "1.3 PCCR marc", "Ordinanza": null, "Monodirezionale": null, "intervento 2026": "NESSUNO", "Esist_prog": "E"}, "geometry": {"type": "LineString", "coordinates": [[11.090497524226475, 46.113712005437016], [11.090406007747967, 46.11370684033919], [11.090321996988907, 46.113662036151325], [11.090277085444567, 46.1135956140929], [11.090281158599634, 46.1134589955371], [11.090696361293476, 46.11197373464551], [11.091116737384278, 46.110556774843225], [11.09119233788871, 46.11026957317978], [11.091430485378508, 46.10946296280953], [11.091790326937378, 46.10823476385584], [11.091852281234125, 46.10802616487901], [11.091888683484106, 46.107991992003015], [11.091944319189276, 46.10798401644959], [11.092028294017267, 46.10798093291883], [11.092183170470664, 46.10800128674956]]}}]}